task,variant_hash,min_delta,source_count,sources
task243,6ffd107c9f414524,-112713,1,frank_7225_19_zip:5620:-112713
task074,8462451e43594719,-14437,4,frank_7245_63_zip:708:-14437;frank_7245_63_selected:708:-14437;frank_7225_19_zip:708:-14437;hoangvux_neurogolf:708:-14437
task366,b7c65739b0958c6d,-12342,1,ryosuke_7266_48:18620:-12342
task044,da74d660c4350c84,-10118,2,frank_7245_63_zip:4706:-10118;frank_7245_63_selected:4706:-10118
task044,fcb4b073711172f9,-9649,1,hoangvux_neurogolf:5175:-9649
task074,1da6eb4193b945cd,-7144,1,ryosuke_7266_48:8001:-7144
task008,bf083264c7dc950a,-4408,1,frank_7225_19_zip:2601:-4408
task023,bf885cfc63a19dbe,-3398,1,frank_7225_19_zip:14256:-3398
task187,32e0ce8afb2b5add,-3206,1,frank_7225_19_zip:9414:-3206
task222,4d584bf433871baf,-2956,1,frank_7225_19_zip:2482:-2956
task092,a8c082121f6f2b04,-2907,1,frank_7225_19_zip:6948:-2907
task264,495f6b679e715cf0,-2511,1,frank_7225_19_zip:5911:-2511
task377,c4b2b07ae73c8ef2,-2238,1,frank_7225_19_zip:3277:-2238
task205,8a8d591da85554e2,-2199,2,frank_7245_63_zip:3247:-2199;frank_7245_63_selected:3247:-2199
task008,25e8c6bc7379f566,-2141,1,hoangvux_neurogolf:4868:-2141
task008,dc92eaaf9dd3f2de,-2084,1,ryosuke_7266_48:4925:-2084
task287,cc13d8f7c4147b0f,-2016,4,frank_7245_63_zip:1811:-2016;frank_7245_63_selected:1811:-2016;frank_7225_19_zip:1811:-2016;hoangvux_neurogolf:1811:-2016
task044,9a4ba144fb5d1bfa,-1924,1,frank_7225_19_zip:12900:-1924
task138,710018cc177a0508,-1751,1,frank_7225_19_zip:4665:-1751
task138,092da833e6757076,-1733,3,frank_7245_63_zip:4683:-1733;frank_7245_63_selected:4683:-1733;hoangvux_neurogolf:4683:-1733
task008,d440589cd5ed04fb,-1670,2,frank_7245_63_zip:5339:-1670;frank_7245_63_selected:5339:-1670
task319,0f7ee546d180c1a1,-1648,1,frank_7225_19_zip:8729:-1648
task036,44fba614f66382d1,-1618,1,frank_7225_19_zip:2672:-1618
task366,f4110b52eb216d81,-1597,3,poby_7268:29365:-1597;biohack_src_A:29365:-1597;biohack_src_B:29365:-1597
task036,d42d904011f83d48,-1585,1,hoangvux_neurogolf:2705:-1585
task085,4f4783dd96f863a0,-1583,1,ryosuke_7266_48:2003:-1583
task036,fd367db2a694f050,-1553,2,frank_7245_63_zip:2737:-1553;frank_7245_63_selected:2737:-1553
task202,32dcf6ec8633b7c0,-1517,1,frank_7225_19_zip:1032:-1517
task205,7c15b6fe8a5fbcdf,-1503,1,hoangvux_neurogolf:3943:-1503
task202,668b918940dc8d66,-1493,3,frank_7245_63_zip:1056:-1493;frank_7245_63_selected:1056:-1493;hoangvux_neurogolf:1056:-1493
task107,bd4a7938556e14c1,-1465,1,ryosuke_7266_48:4201:-1465
task370,342a888b9ea2620c,-1416,1,ryosuke_7266_48:5253:-1416
task310,4a66563b62a74c1b,-1404,1,ryosuke_7266_48:2334:-1404
task093,f05747e0e694e10a,-1361,3,frank_7245_63_zip:3246:-1361;frank_7245_63_selected:3246:-1361;hoangvux_neurogolf:3246:-1361
task018,2d6294abd7b61c87,-1358,1,hoangvux_neurogolf:71894:-1358
task397,5c4a0695e52b3936,-1354,2,frank_7245_63_zip:3300:-1354;frank_7245_63_selected:3300:-1354
task397,63e07ca6aa482f89,-1352,2,frank_7225_19_zip:3302:-1352;hoangvux_neurogolf:3302:-1352
task018,89f76cb22cbecf83,-1317,1,frank_7225_19_zip:71935:-1317
task093,4da37a8b6bb7c24f,-1225,1,frank_7225_19_zip:3382:-1225
task234,7f3bae43b9600115,-1019,2,frank_7245_63_zip:3575:-1019;frank_7245_63_selected:3575:-1019
task054,63e183aaeff6b5c4,-1009,3,poby_7268:22788:-1009;biohack_src_A:22788:-1009;biohack_src_B:22788:-1009
task234,aae5c73005016aea,-983,1,hoangvux_neurogolf:3611:-983
task304,c43deb52a8925956,-877,4,frank_7245_63_zip:1077:-877;frank_7245_63_selected:1077:-877;frank_7225_19_zip:1077:-877;hoangvux_neurogolf:1077:-877
task281,35d2c3e6390459c2,-869,2,frank_7245_63_zip:2355:-869;frank_7245_63_selected:2355:-869
task240,ec7178d1e92a3b88,-852,1,poby_7268:3765:-852
task037,522087a99cd98074,-812,2,frank_7245_63_zip:2669:-812;frank_7245_63_selected:2669:-812
task070,f06e034ce99c6804,-801,2,frank_7225_19_zip:1062:-801;hoangvux_neurogolf:1062:-801
task310,ef423c31c7a199a1,-781,4,frank_7245_63_zip:2957:-781;frank_7245_63_selected:2957:-781;frank_7225_19_zip:2957:-781;hoangvux_neurogolf:2957:-781
task286,8d7744b1bcbe2ef6,-773,1,hoangvux_neurogolf:110986:-773
task383,1439f1a2bbc1b7ee,-771,2,frank_7245_63_zip:3349:-771;frank_7245_63_selected:3349:-771
task070,024e094073c8f3cb,-769,2,frank_7245_63_zip:1094:-769;frank_7245_63_selected:1094:-769
task218,0e726bd17ccbc803,-768,2,frank_7245_63_zip:2360:-768;frank_7245_63_selected:2360:-768
task383,4733a03c09ee8fc5,-663,1,hoangvux_neurogolf:3457:-663
task137,59ab733a63abe777,-654,4,frank_7245_63_zip:2041:-654;frank_7245_63_selected:2041:-654;frank_7225_19_zip:2041:-654;hoangvux_neurogolf:2041:-654
task250,1821c8223f93c063,-619,2,frank_7225_19_zip:2476:-619;hoangvux_neurogolf:2476:-619
task264,caf991cf6b7b4874,-579,1,hoangvux_neurogolf:7843:-579
task383,3cea3a7c5bca4587,-563,1,frank_7225_19_zip:3557:-563
task198,db13846fc3e3ca0d,-557,3,frank_7245_63_zip:4030:-557;frank_7245_63_selected:4030:-557;hoangvux_neurogolf:4030:-557
task206,89758cf1c05c121e,-555,1,hoangvux_neurogolf:1943:-555
task198,e216b70b4262379c,-505,4,poby_7268:4082:-505;ryosuke_7266_48:4082:-505;biohack_src_A:4082:-505;biohack_src_B:4082:-505
task064,432dee49e6e28612,-447,4,frank_7245_63_zip:3121:-447;frank_7245_63_selected:3121:-447;frank_7225_19_zip:3121:-447;hoangvux_neurogolf:3121:-447
task388,3ebf1e8ac1c28412,-422,1,frank_7225_19_zip:1803:-422
task277,2e945a188ee85ac7,-418,1,frank_7225_19_zip:1303:-418
task005,a91c800a5d153db0,-404,5,poby_7268:4692:-404;ryosuke_7266_48:4692:-404;biohack_src_A:4692:-404;biohack_src_B:4692:-404;biohack_stage:4692:-404
task184,73e9738d83359dc8,-389,1,frank_7225_19_zip:1542:-389
task388,5214188dbc88f7c2,-374,3,frank_7245_63_zip:1851:-374;frank_7245_63_selected:1851:-374;hoangvux_neurogolf:1851:-374
task343,6a5dd2be69193701,-361,1,frank_7225_19_zip:4765:-361
task334,975c7e2516afe0f4,-354,1,frank_7225_19_zip:1567:-354
task055,c10324dc3827ff7e,-268,4,poby_7268:1243:-268;ryosuke_7266_48:1243:-268;biohack_src_A:1243:-268;biohack_src_B:1243:-268
task127,2421f9f0f87224c6,-260,8,poby_7268:1009:-260;ryosuke_7266_48:1009:-260;frank_7245_63_zip:1009:-260;frank_7245_63_selected:1009:-260;frank_7225_19_zip:1009:-260;hoangvux_neurogolf:1009:-260;biohack_src_A:1009:-260;biohack_src_B:1009:-260
task190,8c768db5d9b17037,-256,4,frank_7245_63_zip:1806:-256;frank_7245_63_selected:1806:-256;frank_7225_19_zip:1806:-256;hoangvux_neurogolf:1806:-256
task323,ea2c880d03fbfcdd,-256,4,frank_7245_63_zip:1557:-256;frank_7245_63_selected:1557:-256;frank_7225_19_zip:1557:-256;hoangvux_neurogolf:1557:-256
task035,1597de7c87670e2a,-255,4,frank_7245_63_zip:6228:-255;frank_7245_63_selected:6228:-255;frank_7225_19_zip:6228:-255;hoangvux_neurogolf:6228:-255
task064,9c9bd1b5714fcdb2,-246,2,kaiwalya_7269_47_anchor:3322:-246;lucifer_chimera_7269_47_anchor:3322:-246
task251,41c425bf1239bf85,-239,4,frank_7245_63_zip:1584:-239;frank_7245_63_selected:1584:-239;frank_7225_19_zip:1584:-239;hoangvux_neurogolf:1584:-239
task338,1c830400babc4a67,-230,3,frank_7245_63_zip:2485:-230;frank_7245_63_selected:2485:-230;hoangvux_neurogolf:2485:-230
task091,99f1ee6645ba95d5,-226,6,kaiwalya_7269_47_anchor:2965:-226;lucifer_chimera_7269_47_anchor:2965:-226;poby_7268:2965:-226;ryosuke_7266_48:2965:-226;biohack_src_A:2965:-226;biohack_src_B:2965:-226
task064,681779e26f83496d,-221,3,poby_7268:3347:-221;biohack_src_A:3347:-221;biohack_src_B:3347:-221
task199,139df0d815ef9c19,-208,4,frank_7245_63_zip:1982:-208;frank_7245_63_selected:1982:-208;frank_7225_19_zip:1982:-208;hoangvux_neurogolf:1982:-208
task364,486641421f30247a,-196,4,frank_7245_63_zip:1972:-196;frank_7245_63_selected:1972:-196;frank_7225_19_zip:1972:-196;hoangvux_neurogolf:1972:-196
task064,d3a0679b73f23a18,-187,1,ryosuke_7266_48:3381:-187
task338,857ebd11081aa0a0,-186,4,poby_7268:2529:-186;ryosuke_7266_48:2529:-186;biohack_src_A:2529:-186;biohack_src_B:2529:-186
task235,b3d322cc097ed65c,-182,4,frank_7245_63_zip:740:-182;frank_7245_63_selected:740:-182;frank_7225_19_zip:740:-182;hoangvux_neurogolf:740:-182
task094,e817ab9b6aee68c5,-178,4,frank_7245_63_zip:1647:-178;frank_7245_63_selected:1647:-178;frank_7225_19_zip:1647:-178;hoangvux_neurogolf:1647:-178
task163,7d1623135b50be15,-174,2,frank_7245_63_zip:1854:-174;frank_7245_63_selected:1854:-174
task268,54a68f1d8a4f376d,-172,1,frank_7225_19_zip:5275:-172
task191,9bf3332981327f93,-170,1,frank_7225_19_zip:6568:-170
task268,badf6d0c30a4eb0f,-162,4,poby_7268:5285:-162;ryosuke_7266_48:5285:-162;biohack_src_A:5285:-162;biohack_src_B:5285:-162
task209,848c32fd65c1e033,-154,2,frank_7245_63_zip:6545:-154;frank_7245_63_selected:6545:-154
task205,4285bc130f7449a8,-144,1,kaiwalya_7269_47_anchor:5302:-144
task165,c50cc2a83191dcc4,-138,5,kaiwalya_7269_47_anchor:2278:-138;lucifer_chimera_7269_47_anchor:2278:-138;poby_7268:2278:-138;biohack_src_A:2278:-138;biohack_src_B:2278:-138
task234,98437b7dfc1e448b,-136,4,poby_7268:4458:-136;ryosuke_7266_48:4458:-136;biohack_src_A:4458:-136;biohack_src_B:4458:-136
task363,993ed2e49657ad0d,-131,4,poby_7268:3130:-131;ryosuke_7266_48:3130:-131;biohack_src_A:3130:-131;biohack_src_B:3130:-131
task280,e45256da4c70dd2c,-114,1,frank_7225_19_zip:13117:-114
task101,fe5a64e850700f6c,-111,5,kaiwalya_7269_47_anchor:10304:-111;lucifer_chimera_7269_47_anchor:10304:-111;poby_7268:10304:-111;biohack_src_A:10304:-111;biohack_src_B:10304:-111
task111,cba4ca9a62634fbc,-110,4,frank_7245_63_zip:1494:-110;frank_7245_63_selected:1494:-110;frank_7225_19_zip:1494:-110;hoangvux_neurogolf:1494:-110
task022,fd0b1408104a3778,-110,2,frank_7245_63_zip:3347:-110;frank_7245_63_selected:3347:-110
task343,87a9d45a6408a940,-108,3,frank_7245_63_zip:5018:-108;frank_7245_63_selected:5018:-108;hoangvux_neurogolf:5018:-108
task100,2a69515a00622eec,-106,4,frank_7245_63_zip:767:-106;frank_7245_63_selected:767:-106;frank_7225_19_zip:767:-106;hoangvux_neurogolf:767:-106
task398,ffa296fe2d6b18d1,-98,5,kaiwalya_7269_47_anchor:5498:-98;lucifer_chimera_7269_47_anchor:5498:-98;poby_7268:5498:-98;biohack_src_A:5498:-98;biohack_src_B:5498:-98
task328,282e6d5a0ae937f7,-94,4,poby_7268:3035:-94;ryosuke_7266_48:3035:-94;biohack_src_A:3035:-94;biohack_src_B:3035:-94
task025,e33d292eb19701d7,-92,9,poby_7268:4697:-92;ryosuke_7266_48:4697:-92;frank_7245_63_zip:4697:-92;frank_7245_63_selected:4697:-92;frank_7225_19_zip:4697:-92;hoangvux_neurogolf:4697:-92;biohack_src_A:4697:-92;biohack_src_B:4697:-92;biohack_stage:4697:-92
task300,d6e7d88dcd200050,-92,4,frank_7245_63_zip:3125:-92;frank_7245_63_selected:3125:-92;frank_7225_19_zip:3125:-92;hoangvux_neurogolf:3125:-92
task023,e6b6bdc98ba133ba,-91,3,frank_7245_63_zip:17563:-91;frank_7245_63_selected:17563:-91;hoangvux_neurogolf:17563:-91
task187,a3c3ce827a4919e5,-90,1,hoangvux_neurogolf:12530:-90
task080,36e17e24fca43a2b,-89,2,kaiwalya_7269_47_anchor:6177:-89;lucifer_chimera_7269_47_anchor:6177:-89
task348,4dc5b9e107b99330,-86,4,frank_7245_63_zip:1939:-86;frank_7245_63_selected:1939:-86;frank_7225_19_zip:1939:-86;hoangvux_neurogolf:1939:-86
task277,71ccf3132d6782b2,-85,2,frank_7245_63_zip:1636:-85;frank_7245_63_selected:1636:-85
task205,13acecf0ad8c1432,-84,1,lucifer_chimera_7269_47_anchor:5362:-84
task162,c15fe38872bde7af,-82,4,frank_7245_63_zip:1245:-82;frank_7245_63_selected:1245:-82;frank_7225_19_zip:1245:-82;hoangvux_neurogolf:1245:-82
task037,d7fae58854a549ee,-82,1,frank_7225_19_zip:3399:-82
task398,8d8cc6e7d7b0a6d4,-76,1,ryosuke_7266_48:5520:-76
task280,53ea75fac3e988ff,-67,3,frank_7245_63_zip:13164:-67;frank_7245_63_selected:13164:-67;hoangvux_neurogolf:13164:-67
task355,1c6791f49da66337,-67,1,frank_7225_19_zip:1368:-67
task368,724fa04c57d5adc3,-65,2,kaiwalya_7269_47_anchor:2046:-65;lucifer_chimera_7269_47_anchor:2046:-65
task165,53e9c882554c9f8c,-65,1,ryosuke_7266_48:2351:-65
task255,a45397cba43a93f3,-64,4,poby_7268:11372:-64;ryosuke_7266_48:11372:-64;biohack_src_A:11372:-64;biohack_src_B:11372:-64
task148,b7e178f9e6bde90f,-62,3,frank_7245_63_zip:5154:-62;frank_7245_63_selected:5154:-62;hoangvux_neurogolf:5154:-62
task109,3c6b37fc186b6700,-61,4,frank_7245_63_zip:1831:-61;frank_7245_63_selected:1831:-61;frank_7225_19_zip:1831:-61;hoangvux_neurogolf:1831:-61
task150,f7b9a9bc8ebf4522,-61,1,frank_7225_19_zip:498:-61
task036,408e601d6479f3a1,-57,7,kaiwalya_7269_47_anchor:4233:-57;lucifer_chimera_7269_47_anchor:4233:-57;poby_7268:4233:-57;ryosuke_7266_48:4233:-57;biohack_src_A:4233:-57;biohack_src_B:4233:-57;biohack_stage:4233:-57
task155,b38282884870cf44,-57,1,frank_7225_19_zip:536:-57
task174,2ebac0ffa72f3208,-55,3,lucifer_circuit_7269_60:3601:-55;lucifer_compression_7269_47_anchor:3601:-55;lucifer_chimera_7269_47_anchor:3601:-55
task121,4afca028f60b2608,-54,4,frank_7245_63_zip:2529:-54;frank_7245_63_selected:2529:-54;frank_7225_19_zip:2529:-54;hoangvux_neurogolf:2529:-54
task264,0028543020f32203,-54,2,frank_7245_63_zip:8368:-54;frank_7245_63_selected:8368:-54
task185,3b5a8d468c177c61,-53,4,frank_7245_63_zip:3979:-53;frank_7245_63_selected:3979:-53;frank_7225_19_zip:3979:-53;hoangvux_neurogolf:3979:-53
task034,9ec3f2b03b34ec76,-53,2,frank_7245_63_zip:1931:-53;frank_7245_63_selected:1931:-53
task096,ac01042e7f3ba25e,-51,1,hoangvux_neurogolf:13930:-51
task196,a39f471d5d0abf31,-50,4,frank_7245_63_zip:1177:-50;frank_7245_63_selected:1177:-50;frank_7225_19_zip:1177:-50;hoangvux_neurogolf:1177:-50
task017,326bfb645c981339,-50,3,frank_7245_63_zip:6179:-50;frank_7245_63_selected:6179:-50;hoangvux_neurogolf:6179:-50
task168,bc5deb57f3f31436,-49,4,frank_7245_63_zip:2859:-49;frank_7245_63_selected:2859:-49;frank_7225_19_zip:2859:-49;hoangvux_neurogolf:2859:-49
task275,085256d2a74cfdb6,-46,8,poby_7268:3279:-46;ryosuke_7266_48:3279:-46;frank_7245_63_zip:3279:-46;frank_7245_63_selected:3279:-46;frank_7225_19_zip:3279:-46;hoangvux_neurogolf:3279:-46;biohack_src_A:3279:-46;biohack_src_B:3279:-46
task039,1f5e53de827ffc9c,-46,4,frank_7245_63_zip:806:-46;frank_7245_63_selected:806:-46;frank_7225_19_zip:806:-46;hoangvux_neurogolf:806:-46
task146,63caf65f8d8b77a4,-46,4,frank_7245_63_zip:942:-46;frank_7245_63_selected:942:-46;frank_7225_19_zip:942:-46;hoangvux_neurogolf:942:-46
task291,b2212d14a2771ceb,-46,4,frank_7245_63_zip:449:-46;frank_7245_63_selected:449:-46;frank_7225_19_zip:449:-46;hoangvux_neurogolf:449:-46
task368,417a0a5334706abb,-46,3,poby_7268:2065:-46;biohack_src_A:2065:-46;biohack_src_B:2065:-46
task334,4239f77707935605,-44,3,frank_7245_63_zip:1877:-44;frank_7245_63_selected:1877:-44;hoangvux_neurogolf:1877:-44
task156,31e4684b68de6a47,-42,4,frank_7245_63_zip:3036:-42;frank_7245_63_selected:3036:-42;frank_7225_19_zip:3036:-42;hoangvux_neurogolf:3036:-42
task027,dba1d53af49771f1,-42,2,frank_7225_19_zip:1929:-42;hoangvux_neurogolf:1929:-42
task277,0f251ad53cc85ead,-42,1,hoangvux_neurogolf:1679:-42
task197,3b6b818029dddea3,-41,1,hoangvux_neurogolf:945:-41
task259,1ad9f4c0344d8a6b,-40,4,frank_7245_63_zip:3691:-40;frank_7245_63_selected:3691:-40;frank_7225_19_zip:3691:-40;hoangvux_neurogolf:3691:-40
task184,12e493fb0a3e728a,-40,3,frank_7245_63_zip:1891:-40;frank_7245_63_selected:1891:-40;hoangvux_neurogolf:1891:-40
task205,371593b52e003775,-39,4,poby_7268:5407:-39;ryosuke_7266_48:5407:-39;biohack_src_A:5407:-39;biohack_src_B:5407:-39
task225,ca05d356f02f20af,-39,2,frank_7225_19_zip:3680:-39;hoangvux_neurogolf:3680:-39
task247,ab2c685a04c87b7a,-38,4,frank_7245_63_zip:1606:-38;frank_7245_63_selected:1606:-38;frank_7225_19_zip:1606:-38;hoangvux_neurogolf:1606:-38
task327,09cc0b070db49bb2,-38,4,frank_7245_63_zip:964:-38;frank_7245_63_selected:964:-38;frank_7225_19_zip:964:-38;hoangvux_neurogolf:964:-38
task041,1f0ec31dd6f1ca67,-36,2,frank_7225_19_zip:1318:-36;hoangvux_neurogolf:1318:-36
task089,7210f6ceeee6e317,-35,3,frank_7245_63_zip:6600:-35;frank_7245_63_selected:6600:-35;hoangvux_neurogolf:6600:-35
task266,8e31fa4e88e3fa70,-32,1,frank_7225_19_zip:1110:-32
task319,cd27fab7e8592c93,-27,1,hoangvux_neurogolf:10350:-27
task341,f18e1aa4c88cd274,-22,4,frank_7245_63_zip:3500:-22;frank_7245_63_selected:3500:-22;frank_7225_19_zip:3500:-22;hoangvux_neurogolf:3500:-22
task062,d9a92f2e416e5100,-21,4,frank_7245_63_zip:4117:-21;frank_7245_63_selected:4117:-21;frank_7225_19_zip:4117:-21;hoangvux_neurogolf:4117:-21
task010,9814568ed9eca5cf,-21,1,frank_7225_19_zip:1470:-21
task377,506bb3ecaa35a3f5,-19,7,poby_7268:5496:-19;ryosuke_7266_48:5496:-19;frank_7245_63_zip:5496:-19;frank_7245_63_selected:5496:-19;hoangvux_neurogolf:5496:-19;biohack_src_A:5496:-19;biohack_src_B:5496:-19
task115,934563abdff36878,-18,4,frank_7245_63_zip:3419:-18;frank_7245_63_selected:3419:-18;frank_7225_19_zip:3419:-18;hoangvux_neurogolf:3419:-18
task153,2a003d099760f269,-16,4,frank_7245_63_zip:5608:-16;frank_7245_63_selected:5608:-16;frank_7225_19_zip:5608:-16;hoangvux_neurogolf:5608:-16
task029,260934e99109cfb6,-11,2,frank_7225_19_zip:2343:-11;hoangvux_neurogolf:2343:-11
task046,f35fe01a5e710ba1,-8,2,frank_7225_19_zip:6501:-8;hoangvux_neurogolf:6501:-8
task080,9c4dc500d7371923,-6,4,poby_7268:6260:-6;ryosuke_7266_48:6260:-6;biohack_src_A:6260:-6;biohack_src_B:6260:-6
task065,9db27fca5c1383b6,-4,2,frank_7225_19_zip:2192:-4;hoangvux_neurogolf:2192:-4
task267,70c01eb1691b6c30,0,4,frank_7245_63_zip:841:+0;frank_7245_63_selected:841:+0;frank_7225_19_zip:841:+0;hoangvux_neurogolf:841:+0
task379,6db4569721c768a0,0,3,poby_7268:4215:+0;biohack_src_A:4215:+0;biohack_src_B:4215:+0
task079,e0af3ba95e2388aa,0,1,ryosuke_7266_48:3101:+0
task355,6cbc2c90bcc24462,1,10,lucifer_circuit_7269_60:1436:+1;lucifer_compression_7269_47_anchor:1436:+1;lucifer_chimera_7269_47_anchor:1436:+1;poby_7268:1436:+1;ryosuke_7266_48:1436:+1;frank_7245_63_zip:1436:+1;frank_7245_63_selected:1436:+1;hoangvux_neurogolf:1436:+1;biohack_src_A:1436:+1;biohack_src_B:1436:+1
task193,96351709674fd0b1,1,2,frank_7245_63_zip:3825:+1;frank_7245_63_selected:3825:+1
task182,39ebf10aa5186916,2,3,frank_7245_63_zip:2137:+2;frank_7245_63_selected:2137:+2;hoangvux_neurogolf:2137:+2
task400,3718b08382e7e4e2,2,1,hoangvux_neurogolf:737:+2
task133,aae28caf12d65f98,6,3,lucifer_circuit_7269_60:6833:+6;lucifer_compression_7269_47_anchor:6833:+6;lucifer_chimera_7269_47_anchor:6833:+6
task182,e17c94e686e22cd5,7,1,frank_7225_19_zip:2142:+7
task173,b5fec42632346033,9,1,hoangvux_neurogolf:4082:+9
task226,3e2064f8ec9b68d2,10,1,frank_7225_19_zip:1989:+10
task105,351e845f523274be,12,2,lucifer_circuit_7269_60:5873:+12;lucifer_compression_7269_47_anchor:5873:+12
task118,cb29898243f72d81,15,2,frank_7225_19_zip:1861:+15;hoangvux_neurogolf:1861:+15
task002,f1e1cdaea62876e3,15,1,hoangvux_neurogolf:12848:+15
task365,2ddf9d9244acaf72,16,4,poby_7268:3852:+16;ryosuke_7266_48:3852:+16;biohack_src_A:3852:+16;biohack_src_B:3852:+16
task003,cefd63037a233110,17,4,frank_7245_63_zip:1326:+17;frank_7245_63_selected:1326:+17;frank_7225_19_zip:1326:+17;hoangvux_neurogolf:1326:+17
task191,8dd6c5feaed965c4,18,3,frank_7245_63_zip:6756:+18;frank_7245_63_selected:6756:+18;hoangvux_neurogolf:6756:+18
task351,dc408f13bb3fb4f1,18,2,frank_7225_19_zip:1008:+18;hoangvux_neurogolf:1008:+18
task358,f5fd5ba0f5d9b452,19,4,poby_7268:2819:+19;ryosuke_7266_48:2819:+19;biohack_src_A:2819:+19;biohack_src_B:2819:+19
task212,8e8c8372b1bd772a,19,2,frank_7245_63_zip:1578:+19;frank_7245_63_selected:1578:+19
task014,42420cafd147adf4,19,1,ryosuke_7266_48:2770:+19
task153,cc41bafe54a98f1d,20,4,poby_7268:5644:+20;ryosuke_7266_48:5644:+20;biohack_src_A:5644:+20;biohack_src_B:5644:+20
task263,1bbb574ed3ea7019,21,1,frank_7225_19_zip:4197:+21
task370,b4dbd494c29ebb04,22,3,poby_7268:6691:+22;biohack_src_A:6691:+22;biohack_src_B:6691:+22
task162,328e3db12365b6af,23,4,poby_7268:1350:+23;ryosuke_7266_48:1350:+23;biohack_src_A:1350:+23;biohack_src_B:1350:+23
task209,8bc1a4aaa947232c,23,4,poby_7268:6722:+23;ryosuke_7266_48:6722:+23;biohack_src_A:6722:+23;biohack_src_B:6722:+23
task256,3347efdee8da5dc8,23,4,poby_7268:1527:+23;ryosuke_7266_48:1527:+23;biohack_src_A:1527:+23;biohack_src_B:1527:+23
task273,b36725153b612108,23,4,poby_7268:1577:+23;ryosuke_7266_48:1577:+23;biohack_src_A:1577:+23;biohack_src_B:1577:+23
task170,ecadd63102120041,25,4,poby_7268:6311:+25;ryosuke_7266_48:6311:+25;biohack_src_A:6311:+25;biohack_src_B:6311:+25
task246,5de5dc2a8657ca61,25,4,poby_7268:2624:+25;ryosuke_7266_48:2624:+25;biohack_src_A:2624:+25;biohack_src_B:2624:+25
task251,4e7cddf42dec66cc,25,3,poby_7268:1848:+25;biohack_src_A:1848:+25;biohack_src_B:1848:+25
task105,d2f514d17c52556c,25,1,poby_7268:5886:+25
task046,8a112cb8c948fd2b,26,2,frank_7245_63_zip:6535:+26;frank_7245_63_selected:6535:+26
task242,6b8777811f0f4add,26,2,frank_7245_63_zip:1081:+26;frank_7245_63_selected:1081:+26
task178,78ff506456ed57be,27,2,frank_7225_19_zip:4625:+27;hoangvux_neurogolf:4625:+27
task035,75b0369f17a01b14,29,5,poby_7268:6512:+29;ryosuke_7266_48:6512:+29;biohack_src_A:6512:+29;biohack_src_B:6512:+29;biohack_stage:6512:+29
task201,1584a54f95d813b0,29,4,poby_7268:4749:+29;ryosuke_7266_48:4749:+29;biohack_src_A:4749:+29;biohack_src_B:4749:+29
task381,f869ed167b89a063,29,4,poby_7268:1360:+29;ryosuke_7266_48:1360:+29;biohack_src_A:1360:+29;biohack_src_B:1360:+29
task396,cd649ec2dcc3449d,29,3,poby_7268:3544:+29;biohack_src_A:3544:+29;biohack_src_B:3544:+29
task242,c26c817a81583a92,30,2,frank_7225_19_zip:1085:+30;hoangvux_neurogolf:1085:+30
task090,03ff81e79b05a072,31,3,poby_7268:14039:+31;biohack_src_A:14039:+31;biohack_src_B:14039:+31
task165,29ff3a6b1efdc648,31,3,frank_7245_63_zip:2447:+31;frank_7245_63_selected:2447:+31;hoangvux_neurogolf:2447:+31
task145,04d677cb25bccfa3,31,1,frank_7225_19_zip:3908:+31
task351,2a1e94edd29295f8,32,2,frank_7245_63_zip:1022:+32;frank_7245_63_selected:1022:+32
task368,0e08d5513fd9ef25,33,1,ryosuke_7266_48:2144:+33
task183,ecd0cb53a9ebb55d,35,2,frank_7225_19_zip:6502:+35;hoangvux_neurogolf:6502:+35
task216,dfbfe486bf2f36e9,36,4,poby_7268:3863:+36;ryosuke_7266_48:3863:+36;biohack_src_A:3863:+36;biohack_src_B:3863:+36
task206,8c11b6c3cb0e0fd5,37,2,frank_7245_63_zip:2535:+37;frank_7245_63_selected:2535:+37
task213,f22f98fb4f8a0ecf,37,2,frank_7225_19_zip:5165:+37;hoangvux_neurogolf:5165:+37
task123,ca514894ab5c40bd,38,1,frank_7225_19_zip:4960:+38
task208,e7fdc6fb42752365,45,1,ryosuke_7266_48:4104:+45
task171,bba4826e537b460b,46,4,ryosuke_7266_48:820:+46;frank_7245_63_zip:820:+46;frank_7245_63_selected:820:+46;hoangvux_neurogolf:820:+46
task059,bcab5698fb5dcc57,48,4,frank_7245_63_zip:2069:+48;frank_7245_63_selected:2069:+48;frank_7225_19_zip:2069:+48;hoangvux_neurogolf:2069:+48
task089,d62221b1273f7eb2,48,1,frank_7225_19_zip:6683:+48
task250,63f772b3c9d75f8b,50,4,poby_7268:3145:+50;ryosuke_7266_48:3145:+50;biohack_src_A:3145:+50;biohack_src_B:3145:+50
task050,7cc479b21faf4e24,51,4,frank_7245_63_zip:926:+51;frank_7245_63_selected:926:+51;frank_7225_19_zip:926:+51;hoangvux_neurogolf:926:+51
task349,0b174376f404bed7,59,2,frank_7225_19_zip:2723:+59;hoangvux_neurogolf:2723:+59
task285,e81f1cc00cc4c733,59,1,ryosuke_7266_48:5161:+59
task243,3aed6d390361ae06,60,3,poby_7268:118393:+60;biohack_src_A:118393:+60;biohack_src_B:118393:+60
task222,eb02ecc2b49ff92c,61,7,poby_7268:5499:+61;ryosuke_7266_48:5499:+61;frank_7245_63_zip:5499:+61;frank_7245_63_selected:5499:+61;hoangvux_neurogolf:5499:+61;biohack_src_A:5499:+61;biohack_src_B:5499:+61
task255,2bac2600ec8951cd,62,3,frank_7245_63_zip:11498:+62;frank_7245_63_selected:11498:+62;hoangvux_neurogolf:11498:+62
task090,a0dd1a245686a4e6,62,1,lucifer_chimera_7269_47_anchor:14070:+62
task368,3735a71a8bfbbe0b,63,1,lucifer_compression_7269_47_anchor:2174:+63
task293,09ca67e313486648,65,1,frank_7225_19_zip:2706:+65
task215,1abb63a372badbe4,68,4,poby_7268:1052:+68;ryosuke_7266_48:1052:+68;biohack_src_A:1052:+68;biohack_src_B:1052:+68
task009,5bfbb20505b2e118,69,4,frank_7245_63_zip:1943:+69;frank_7245_63_selected:1943:+69;frank_7225_19_zip:1943:+69;hoangvux_neurogolf:1943:+69
task237,b3eb6a43d1a958c3,69,3,frank_7245_63_zip:4864:+69;frank_7245_63_selected:4864:+69;hoangvux_neurogolf:4864:+69
task209,8c75bc2fb307757d,69,1,hoangvux_neurogolf:6768:+69
task101,38915fbb79e94517,74,1,ryosuke_7266_48:10489:+74
task285,0175456bc268d2a9,75,2,frank_7245_63_zip:5177:+75;frank_7245_63_selected:5177:+75
task112,55f02ce8c664d6b6,75,1,frank_7225_19_zip:4870:+75
task396,ea8e0f81b11963aa,80,1,ryosuke_7266_48:3595:+80
task400,b755a39515da22b3,83,1,frank_7225_19_zip:818:+83
task018,6f18a61ed059c8e3,84,3,lucifer_circuit_7269_60:73336:+84;lucifer_compression_7269_47_anchor:73336:+84;lucifer_chimera_7269_47_anchor:73336:+84
task319,5df0de2e9e52ba14,87,4,poby_7268:10464:+87;ryosuke_7266_48:10464:+87;biohack_src_A:10464:+87;biohack_src_B:10464:+87
task329,2d3a7bbf6b2f2f47,87,2,frank_7225_19_zip:1155:+87;hoangvux_neurogolf:1155:+87
task076,1b8f02dec27c2bac,89,2,frank_7245_63_zip:9860:+89;frank_7245_63_selected:9860:+89
task090,f7055ddd7b14e8e8,93,3,lucifer_circuit_7269_60:14101:+93;lucifer_compression_7269_47_anchor:14101:+93;ryosuke_7266_48:14101:+93
task076,6b14e6faec4371bf,95,1,frank_7225_19_zip:9866:+95
task238,000cf22f5f3c7c90,98,4,frank_7245_63_zip:5153:+98;frank_7245_63_selected:5153:+98;frank_7225_19_zip:5153:+98;hoangvux_neurogolf:5153:+98
task004,869388ac1645c082,98,1,frank_7225_19_zip:1531:+98
task237,58ec970c0c3b48e5,102,1,frank_7225_19_zip:4897:+102
task384,2aa79333625d1dfe,102,1,frank_7225_19_zip:1833:+102
task066,69b537650e346042,103,3,poby_7268:14741:+103;biohack_src_A:14741:+103;biohack_src_B:14741:+103
task392,680db0f23ee10054,106,1,frank_7225_19_zip:5019:+106
task107,a48aee82a962e684,108,2,frank_7245_63_zip:5774:+108;frank_7245_63_selected:5774:+108
task205,d47afd18a1bbd170,108,1,lucifer_compression_7269_47_anchor:5554:+108
task260,558e99c11eced06a,112,3,frank_7245_63_zip:4562:+112;frank_7245_63_selected:4562:+112;hoangvux_neurogolf:4562:+112
task133,387342495b3dee33,114,4,poby_7268:6941:+114;ryosuke_7266_48:6941:+114;biohack_src_A:6941:+114;biohack_src_B:6941:+114
task280,1bc3b072372cd5f6,116,3,poby_7268:13347:+116;biohack_src_A:13347:+116;biohack_src_B:13347:+116
task237,81836fa92e05e9e0,118,4,poby_7268:4913:+118;ryosuke_7266_48:4913:+118;biohack_src_A:4913:+118;biohack_src_B:4913:+118
task260,6a1623fc04750b06,122,4,poby_7268:4572:+122;ryosuke_7266_48:4572:+122;biohack_src_A:4572:+122;biohack_src_B:4572:+122
task213,e4cc3948ab83d254,126,2,frank_7245_63_zip:5254:+126;frank_7245_63_selected:5254:+126
task208,a5a3071e05a2727a,132,3,frank_7245_63_zip:4191:+132;frank_7245_63_selected:4191:+132;hoangvux_neurogolf:4191:+132
task174,719acea13b22e4b3,143,4,poby_7268:3799:+143;ryosuke_7266_48:3799:+143;biohack_src_A:3799:+143;biohack_src_B:3799:+143
task260,c8e00447a3de6138,144,1,frank_7225_19_zip:4594:+144
task132,663393cc34341480,146,1,ryosuke_7266_48:5180:+146
task067,4e3a67d23c2347da,151,1,frank_7225_19_zip:296:+151
task285,097b7fdedec4705a,151,1,hoangvux_neurogolf:5253:+151
task219,b90add754f9a6166,153,4,poby_7268:9609:+153;ryosuke_7266_48:9609:+153;biohack_src_A:9609:+153;biohack_src_B:9609:+153
task359,bbd542de8fec6ed8,153,3,frank_7245_63_zip:1770:+153;frank_7245_63_selected:1770:+153;hoangvux_neurogolf:1770:+153
task107,f2b4eb095657860d,153,1,hoangvux_neurogolf:5819:+153
task017,2d4bb9f9d75a6eb9,154,1,frank_7225_19_zip:6383:+154
task236,efa746c302020a34,156,1,frank_7225_19_zip:743:+156
task010,3fad3151b2d937af,160,3,frank_7245_63_zip:1651:+160;frank_7245_63_selected:1651:+160;hoangvux_neurogolf:1651:+160
task011,6a2e5ff56b58fbc6,161,4,frank_7245_63_zip:1686:+161;frank_7245_63_selected:1686:+161;frank_7225_19_zip:1686:+161;hoangvux_neurogolf:1686:+161
task002,2b281b00c89793b4,163,1,frank_7225_19_zip:12996:+163
task009,2418667851ab6ace,165,5,poby_7268:2039:+165;ryosuke_7266_48:2039:+165;biohack_src_A:2039:+165;biohack_src_B:2039:+165;biohack_stage:2039:+165
task324,dc14391eb54f5b50,172,4,poby_7268:4395:+172;ryosuke_7266_48:4395:+172;biohack_src_A:4395:+172;biohack_src_B:4395:+172
task398,c45c3f666d37eca0,177,2,frank_7245_63_zip:5773:+177;frank_7245_63_selected:5773:+177
task398,1a82ad3dfd4ed359,184,2,frank_7225_19_zip:5780:+184;hoangvux_neurogolf:5780:+184
task359,25add8a8327c4f4c,187,1,frank_7225_19_zip:1804:+187
task340,c6dd1865688c9603,188,3,frank_7245_63_zip:3712:+188;frank_7245_63_selected:3712:+188;hoangvux_neurogolf:3712:+188
task112,69a5ace3c6ec4508,190,1,hoangvux_neurogolf:4985:+190
task131,b3647df9397f2287,200,1,ryosuke_7266_48:5712:+200
task107,b148a4e8caa4588d,205,1,frank_7225_19_zip:5871:+205
task342,e958696761efadf5,213,2,frank_7225_19_zip:5059:+213;hoangvux_neurogolf:5059:+213
task157,b6ff25ee8ff7cbd1,215,1,ryosuke_7266_48:39276:+215
task268,7020945e8d74c683,216,1,hoangvux_neurogolf:5663:+216
task022,3d4f65133a72e7a6,220,2,frank_7225_19_zip:3677:+220;hoangvux_neurogolf:3677:+220
task096,bc0cf5e62e5cfc7b,228,3,ryosuke_7266_48:14209:+228;frank_7245_63_zip:14209:+228;frank_7245_63_selected:14209:+228
task382,162813ae1554b927,235,3,frank_7245_63_zip:6972:+235;frank_7245_63_selected:6972:+235;hoangvux_neurogolf:6972:+235
task280,bacce9aa0e87ec78,235,1,ryosuke_7266_48:13466:+235
task200,51e42b7f30d07103,236,4,frank_7245_63_zip:1562:+236;frank_7245_63_selected:1562:+236;frank_7225_19_zip:1562:+236;hoangvux_neurogolf:1562:+236
task096,95efb422f5ce6c8c,249,1,frank_7225_19_zip:14230:+249
task076,04cd4eaaa70f932d,251,1,hoangvux_neurogolf:10022:+251
task215,e7d7d8883a7813cf,251,1,hoangvux_neurogolf:1235:+251
task268,d42ed7a10a98c542,252,2,frank_7245_63_zip:5699:+252;frank_7245_63_selected:5699:+252
task215,a4b558efc599055e,264,2,frank_7245_63_zip:1248:+264;frank_7245_63_selected:1248:+264
task085,c3c08cc90d94cf57,267,4,frank_7245_63_zip:3853:+267;frank_7245_63_selected:3853:+267;frank_7225_19_zip:3853:+267;hoangvux_neurogolf:3853:+267
task014,28197d73cd5dc214,269,1,frank_7225_19_zip:3020:+269
task030,69491c999b4b5bf9,274,2,frank_7245_63_zip:2880:+274;frank_7245_63_selected:2880:+274
task133,620d15da2c8b87e9,289,2,frank_7245_63_zip:7116:+289;frank_7245_63_selected:7116:+289
task055,706a7fb0859585c5,290,1,frank_7225_19_zip:1801:+290
task055,b241d2e0e91466a1,300,1,hoangvux_neurogolf:1811:+300
task245,b9496763af89ad49,301,4,frank_7245_63_zip:2149:+301;frank_7245_63_selected:2149:+301;frank_7225_19_zip:2149:+301;hoangvux_neurogolf:2149:+301
task112,31c1fb8c7a7117d5,309,2,frank_7245_63_zip:5104:+309;frank_7245_63_selected:5104:+309
task215,c5468c25dded1019,314,1,frank_7225_19_zip:1298:+314
task002,45a5e0ebf301b5e7,320,2,frank_7245_63_zip:13153:+320;frank_7245_63_selected:13153:+320
task255,ca6979b76c51396d,333,1,frank_7225_19_zip:11769:+333
task085,21af5a2d5769d865,336,3,poby_7268:3922:+336;biohack_src_A:3922:+336;biohack_src_B:3922:+336
task055,ef9931d972e28340,340,2,frank_7245_63_zip:1851:+340;frank_7245_63_selected:1851:+340
task048,8d31c5e65b01f08b,346,4,poby_7268:6323:+346;ryosuke_7266_48:6323:+346;biohack_src_A:6323:+346;biohack_src_B:6323:+346
task286,0ed408388fe19e5b,349,2,frank_7245_63_zip:112108:+349;frank_7245_63_selected:112108:+349
task133,2023912e164edfe5,385,1,hoangvux_neurogolf:7212:+385
task246,613706052cc2de23,399,2,frank_7225_19_zip:2998:+399;hoangvux_neurogolf:2998:+399
task048,0c4ad4580ff998cf,412,2,frank_7245_63_zip:6389:+412;frank_7245_63_selected:6389:+412
task250,974870881dfe2b8b,423,2,frank_7245_63_zip:3518:+423;frank_7245_63_selected:3518:+423
task246,fd80e391cdbb997c,438,2,frank_7245_63_zip:3037:+438;frank_7245_63_selected:3037:+438
task066,2809e4a0a7082d0a,438,1,ryosuke_7266_48:15076:+438
task048,806dc06704804817,445,2,frank_7225_19_zip:6422:+445;hoangvux_neurogolf:6422:+445
task319,f3da12690925e1c6,449,2,frank_7245_63_zip:10826:+449;frank_7245_63_selected:10826:+449
task279,82b790ee80f37c56,462,4,frank_7245_63_zip:2573:+462;frank_7245_63_selected:2573:+462;frank_7225_19_zip:2573:+462;hoangvux_neurogolf:2573:+462
task030,d3a9629c98620e7f,482,2,frank_7225_19_zip:3088:+482;hoangvux_neurogolf:3088:+482
task396,cbb96de0923c48af,488,1,hoangvux_neurogolf:4003:+488
task001,f3b75b26fa67786c,531,4,frank_7245_63_zip:1326:+531;frank_7245_63_selected:1326:+531;frank_7225_19_zip:1326:+531;hoangvux_neurogolf:1326:+531
task278,65bccb839fd890a7,535,1,frank_7225_19_zip:1286:+535
task256,dd95ac7cb55e199f,548,3,frank_7245_63_zip:2052:+548;frank_7245_63_selected:2052:+548;hoangvux_neurogolf:2052:+548
task174,a757f11fca346ba8,553,1,hoangvux_neurogolf:4209:+553
task189,b2acc03892439ffe,566,4,frank_7245_63_zip:2404:+566;frank_7245_63_selected:2404:+566;frank_7225_19_zip:2404:+566;hoangvux_neurogolf:2404:+566
task080,8a8343062f884b05,569,3,frank_7245_63_zip:6835:+569;frank_7245_63_selected:6835:+569;hoangvux_neurogolf:6835:+569
task198,88abfc246ae8edb6,578,1,frank_7225_19_zip:5165:+578
task077,eedb7f279c25f513,581,3,frank_7245_63_zip:1560:+581;frank_7245_63_selected:1560:+581;hoangvux_neurogolf:1560:+581
task174,fd8f1b0104a5a63b,593,1,frank_7225_19_zip:4249:+593
task054,7b3a41328edc8355,595,1,hoangvux_neurogolf:24392:+595
task233,708e218df5f97724,600,1,hoangvux_neurogolf:20739:+600
task396,1a58c47eda78e63d,609,1,frank_7225_19_zip:4124:+609
task154,f4e814bce5d28677,617,4,frank_7245_63_zip:4350:+617;frank_7245_63_selected:4350:+617;frank_7225_19_zip:4350:+617;hoangvux_neurogolf:4350:+617
task037,b430450292159962,617,1,hoangvux_neurogolf:4098:+617
task004,89c88ced26a9a60a,637,3,frank_7245_63_zip:2070:+637;frank_7245_63_selected:2070:+637;hoangvux_neurogolf:2070:+637
task396,7d486e4e6ebed08a,637,2,frank_7245_63_zip:4152:+637;frank_7245_63_selected:4152:+637
task012,71af0140e6840d7f,640,4,frank_7245_63_zip:2880:+640;frank_7245_63_selected:2880:+640;frank_7225_19_zip:2880:+640;hoangvux_neurogolf:2880:+640
task174,68183b30fb7d9ea3,640,2,frank_7245_63_zip:4296:+640;frank_7245_63_selected:4296:+640
task256,39e08e9fa3b2f176,640,1,frank_7225_19_zip:2144:+640
task105,302d69cd545e634d,646,3,ryosuke_7266_48:6507:+646;biohack_src_A:6507:+646;biohack_src_B:6507:+646
task054,a5dc890337069f05,687,1,frank_7225_19_zip:24484:+687
task234,2987af9ae29ceb4e,688,1,frank_7225_19_zip:5282:+688
task071,53ab1a71de49ae24,702,4,frank_7245_63_zip:3800:+702;frank_7245_63_selected:3800:+702;frank_7225_19_zip:3800:+702;hoangvux_neurogolf:3800:+702
task163,fe3a7f65e07afc62,714,2,frank_7225_19_zip:2742:+714;hoangvux_neurogolf:2742:+714
task278,6df987157db98dcc,760,3,frank_7245_63_zip:1511:+760;frank_7245_63_selected:1511:+760;hoangvux_neurogolf:1511:+760
task105,6faf28053fe2dfd5,771,4,frank_7245_63_zip:6632:+771;frank_7245_63_selected:6632:+771;frank_7225_19_zip:6632:+771;hoangvux_neurogolf:6632:+771
task233,94f3205db3cd4349,833,3,ryosuke_7266_48:20972:+833;frank_7245_63_zip:20972:+833;frank_7245_63_selected:20972:+833
task177,9d18502d3361f4ff,835,4,frank_7245_63_zip:1854:+835;frank_7245_63_selected:1854:+835;frank_7225_19_zip:1854:+835;hoangvux_neurogolf:1854:+835
task134,40f58a7f0ac04e6b,891,4,frank_7245_63_zip:4304:+891;frank_7245_63_selected:4304:+891;frank_7225_19_zip:4304:+891;hoangvux_neurogolf:4304:+891
task251,1a3f4c3e4c91d99b,895,1,ryosuke_7266_48:2718:+895
task374,0b46dfaad63761c9,906,2,frank_7245_63_zip:2913:+906;frank_7245_63_selected:2913:+906
task367,e6d876d2c39271fd,929,1,hoangvux_neurogolf:3022:+929
task054,4c32adeb4b99eff1,932,3,ryosuke_7266_48:24729:+932;frank_7245_63_zip:24729:+932;frank_7245_63_selected:24729:+932
task161,1c99af408bd757ba,933,3,frank_7245_63_zip:3547:+933;frank_7245_63_selected:3547:+933;hoangvux_neurogolf:3547:+933
task079,ac269c97c17475e2,942,2,frank_7225_19_zip:4043:+942;hoangvux_neurogolf:4043:+942
task161,0341a7abc94859a1,943,1,frank_7225_19_zip:3557:+943
task018,3fea9048baab0c6e,976,7,poby_7268:74228:+976;ryosuke_7266_48:74228:+976;frank_7245_63_zip:74228:+976;frank_7245_63_selected:74228:+976;biohack_src_A:74228:+976;biohack_src_B:74228:+976;biohack_stage:74228:+976
task079,16e328e5197d81b9,979,2,frank_7245_63_zip:4080:+979;frank_7245_63_selected:4080:+979
task212,a85c7a5b093550fc,980,2,frank_7225_19_zip:2539:+980;hoangvux_neurogolf:2539:+980
task281,a5535a999c47aeff,995,2,frank_7225_19_zip:4219:+995;hoangvux_neurogolf:4219:+995
task367,b654f95aad5749e9,1010,2,frank_7245_63_zip:3103:+1010;frank_7245_63_selected:3103:+1010
task170,5f69c771e096f51b,1027,2,frank_7245_63_zip:7313:+1027;frank_7245_63_selected:7313:+1027
task034,efc1a04231a27deb,1037,2,frank_7225_19_zip:3021:+1037;hoangvux_neurogolf:3021:+1037
task367,3a05b7f0b2c5fbcb,1064,1,ryosuke_7266_48:3157:+1064
task080,cda4b6b0a599285d,1066,1,frank_7225_19_zip:7332:+1066
task110,e589f4a1b534efa3,1074,2,frank_7245_63_zip:5519:+1074;frank_7245_63_selected:5519:+1074
task165,1ab248ffed239f6b,1077,1,frank_7225_19_zip:3493:+1077
task219,89c5fd4a0fc23626,1113,2,frank_7245_63_zip:10569:+1113;frank_7245_63_selected:10569:+1113
task363,8b9f84abd296c576,1120,2,frank_7225_19_zip:4381:+1120;hoangvux_neurogolf:4381:+1120
task110,202f936eac2717b1,1124,1,hoangvux_neurogolf:5569:+1124
task204,8cb1253852bd60d1,1138,1,frank_7225_19_zip:4771:+1138
task381,49f94ce11ab251e7,1153,4,frank_7245_63_zip:2484:+1153;frank_7245_63_selected:2484:+1153;frank_7225_19_zip:2484:+1153;hoangvux_neurogolf:2484:+1153
task110,588103d4d9467606,1161,1,frank_7225_19_zip:5606:+1161
task170,2801692c1bdd4769,1163,1,hoangvux_neurogolf:7449:+1163
task066,78b8f2d004732f57,1213,1,frank_7225_19_zip:15851:+1213
task363,94d327bef08ec513,1240,2,frank_7245_63_zip:4501:+1240;frank_7245_63_selected:4501:+1240
task091,e9752a6d5ad862a7,1242,2,frank_7225_19_zip:4433:+1242;hoangvux_neurogolf:4433:+1242
task330,a300267bbbf99afc,1259,4,frank_7245_63_zip:2815:+1259;frank_7245_63_selected:2815:+1259;frank_7225_19_zip:2815:+1259;hoangvux_neurogolf:2815:+1259
task170,7d6cc54e2b6383c1,1275,1,frank_7225_19_zip:7561:+1275
task338,74259875525a96c7,1350,1,frank_7225_19_zip:4065:+1350
task197,d533558b0dd9bee3,1360,1,frank_7225_19_zip:2346:+1360
task063,9249608fda03f00f,1425,3,frank_7245_63_zip:2397:+1425;frank_7245_63_selected:2397:+1425;hoangvux_neurogolf:2397:+1425
task031,817102e0ea4a4154,1433,4,frank_7245_63_zip:3866:+1433;frank_7245_63_selected:3866:+1433;frank_7225_19_zip:3866:+1433;hoangvux_neurogolf:3866:+1433
task132,bfdea38bb4a08e8f,1437,4,frank_7245_63_zip:6471:+1437;frank_7245_63_selected:6471:+1437;frank_7225_19_zip:6471:+1437;hoangvux_neurogolf:6471:+1437
task063,a0285c834760d02c,1447,1,frank_7225_19_zip:2419:+1447
task224,f980b16ee5375598,1560,4,frank_7245_63_zip:3484:+1560;frank_7245_63_selected:3484:+1560;frank_7225_19_zip:3484:+1560;hoangvux_neurogolf:3484:+1560
task086,a518c10da3fd4784,1683,4,frank_7245_63_zip:3013:+1683;frank_7245_63_selected:3013:+1683;frank_7225_19_zip:3013:+1683;hoangvux_neurogolf:3013:+1683
task205,92093be4e2c25cc7,1692,1,frank_7225_19_zip:7138:+1692
task091,4add9cc51ebb2876,1705,2,frank_7245_63_zip:4896:+1705;frank_7245_63_selected:4896:+1705
task370,b7d79959c1180e61,1764,1,hoangvux_neurogolf:8433:+1764
task219,1dad58a8d35f8b6a,1890,1,hoangvux_neurogolf:11346:+1890
task387,19289762f5eec85f,1921,1,ryosuke_7266_48:5797:+1921
task020,e482f2f3bf991e2a,1922,1,hoangvux_neurogolf:5257:+1922
task370,0f16bab7d2428924,1991,1,frank_7225_19_zip:8660:+1991
task020,ab720fb532a07b92,2005,2,frank_7245_63_zip:5340:+2005;frank_7245_63_selected:5340:+2005
task066,2c5978e00779d8fa,2028,1,hoangvux_neurogolf:16666:+2028
task020,46410b6950745fbf,2040,1,frank_7225_19_zip:5375:+2040
task370,5d45ac982b9a6eb9,2046,2,frank_7245_63_zip:8715:+2046;frank_7245_63_selected:8715:+2046
task374,cc5fabd2dfd94fbb,2269,2,frank_7225_19_zip:4276:+2269;hoangvux_neurogolf:4276:+2269
task077,cce740c314b0961f,2302,1,frank_7225_19_zip:3281:+2302
task335,c8409fa8d9e5d5cb,2396,4,frank_7245_63_zip:4110:+2396;frank_7245_63_selected:4110:+2396;frank_7225_19_zip:4110:+2396;hoangvux_neurogolf:4110:+2396
task387,2bf200259979754f,2438,2,frank_7245_63_zip:6314:+2438;frank_7245_63_selected:6314:+2438
task387,7bcf7aa39eafcc44,2442,1,hoangvux_neurogolf:6318:+2442
task014,0c91fd42d9fe1e43,2472,3,frank_7245_63_zip:5223:+2472;frank_7245_63_selected:5223:+2472;hoangvux_neurogolf:5223:+2472
task219,7cb884fceabd4682,2504,1,frank_7225_19_zip:11960:+2504
task173,041e73c38974f026,2524,1,frank_7225_19_zip:6597:+2524
task019,f3376f1732787a7e,2588,4,frank_7245_63_zip:4456:+2588;frank_7245_63_selected:4456:+2588;frank_7225_19_zip:4456:+2588;hoangvux_neurogolf:4456:+2588
task358,b44b4c68a78122ee,2675,3,frank_7245_63_zip:5475:+2675;frank_7245_63_selected:5475:+2675;hoangvux_neurogolf:5475:+2675
task358,0caa8a3946e89367,2712,1,frank_7225_19_zip:5512:+2712
task387,ad15437dd0f6bd77,2715,1,frank_7225_19_zip:6591:+2715
task273,4f8f7ee2eb3675b9,2762,4,frank_7245_63_zip:4316:+2762;frank_7245_63_selected:4316:+2762;frank_7225_19_zip:4316:+2762;hoangvux_neurogolf:4316:+2762
task378,1b4efc311d419fbe,2788,1,frank_7225_19_zip:7860:+2788
task379,a87bcd4de2de8b50,2805,1,ryosuke_7266_48:7020:+2805
task148,759deddf7d50cd6c,2821,1,frank_7225_19_zip:8037:+2821
task382,46fc7a48537941ff,2855,1,frank_7225_19_zip:9592:+2855
task192,fb1e488c1420b19b,2926,3,frank_7245_63_zip:4087:+2926;frank_7245_63_selected:4087:+2926;hoangvux_neurogolf:4087:+2926
task283,853623c05b0900b3,2946,4,frank_7245_63_zip:3802:+2946;frank_7245_63_selected:3802:+2946;frank_7225_19_zip:3802:+2946;hoangvux_neurogolf:3802:+2946
task324,4f4fb4eb68b8d93c,3007,2,frank_7245_63_zip:7230:+3007;frank_7245_63_selected:7230:+3007
task192,a7f2c0bd11a4e920,3017,1,frank_7225_19_zip:4178:+3017
task324,57b90613b84ecf59,3019,2,frank_7225_19_zip:7242:+3019;hoangvux_neurogolf:7242:+3019
task171,c0dccfce69e87e53,3051,1,frank_7225_19_zip:3825:+3051
task378,a59a39264ea68050,3069,3,frank_7245_63_zip:8141:+3069;frank_7245_63_selected:8141:+3069;hoangvux_neurogolf:8141:+3069
task117,2a0cbcd652223a2b,3125,2,frank_7225_19_zip:6033:+3125;hoangvux_neurogolf:6033:+3125
task201,6a714de08e17d95f,3142,2,frank_7245_63_zip:7862:+3142;frank_7245_63_selected:7862:+3142
task117,18a599d84fbd634c,3279,2,frank_7245_63_zip:6187:+3279;frank_7245_63_selected:6187:+3279
task285,7ff43c372d28a374,3435,1,frank_7225_19_zip:8537:+3435
task354,120bd39d7615d456,3541,1,frank_7225_19_zip:4715:+3541
task390,3cb432e767f5a484,3682,4,frank_7245_63_zip:12298:+3682;frank_7245_63_selected:12298:+3682;frank_7225_19_zip:12298:+3682;hoangvux_neurogolf:12298:+3682
task216,3b61c67262bb7c6d,3732,4,frank_7245_63_zip:7559:+3732;frank_7245_63_selected:7559:+3732;frank_7225_19_zip:7559:+3732;hoangvux_neurogolf:7559:+3732
task069,136f81fdf75dac39,3750,2,frank_7245_63_zip:6653:+3750;frank_7245_63_selected:6653:+3750
task013,b5fa8e6255bc67e1,3862,3,frank_7245_63_zip:6187:+3862;frank_7245_63_selected:6187:+3862;hoangvux_neurogolf:6187:+3862
task069,fb09e1f07005c77a,3901,2,frank_7225_19_zip:6804:+3901;hoangvux_neurogolf:6804:+3901
task013,f941e8a66d0bcbd3,3984,1,frank_7225_19_zip:6309:+3984
task354,44f2c6ef04c366d0,3996,2,frank_7245_63_zip:5170:+3996;frank_7245_63_selected:5170:+3996
task209,068a920db53e2b39,4027,1,frank_7225_19_zip:10726:+4027
task206,41b04d54dd74ae9d,4097,1,frank_7225_19_zip:6595:+4097
task367,c99cd9e0be1e135c,4139,1,frank_7225_19_zip:6232:+4139
task208,10f82653423e7e6f,4213,1,frank_7225_19_zip:8272:+4213
task201,9b77bbdd5079a92b,4231,2,frank_7225_19_zip:8951:+4231;hoangvux_neurogolf:8951:+4231
task354,df5334abd08cb231,4267,1,hoangvux_neurogolf:5441:+4267
task270,19421e353ce5a96a,4392,2,frank_7245_63_zip:8323:+4392;frank_7245_63_selected:8323:+4392
task270,7aeb2233f4e1e42c,4437,2,frank_7225_19_zip:8368:+4437;hoangvux_neurogolf:8368:+4437
task368,9f0440d568fdc2c2,4512,1,frank_7225_19_zip:6623:+4512
task361,1ab33e1a43bffbc7,4697,2,frank_7245_63_zip:8113:+4697;frank_7245_63_selected:8113:+4697
task361,5d7af045f562848a,4702,2,frank_7225_19_zip:8118:+4702;hoangvux_neurogolf:8118:+4702
task368,8e210f25c11ea6e9,4722,2,frank_7245_63_zip:6833:+4722;frank_7245_63_selected:6833:+4722
task368,b55f8b82099f000a,4737,1,hoangvux_neurogolf:6848:+4737
task133,a7781f965f8f395f,4976,1,frank_7225_19_zip:11803:+4976
task340,17a94cb8ab982015,5175,1,frank_7225_19_zip:8699:+5175
task394,29f7cebc9b90062c,5435,2,frank_7245_63_zip:8127:+5435;frank_7245_63_selected:8127:+5435
task394,48df33bce536222e,5473,2,frank_7225_19_zip:8165:+5473;hoangvux_neurogolf:8165:+5473
task131,87216ab70b859e03,5645,1,frank_7225_19_zip:11157:+5645
task158,2303d2823191b136,5982,2,frank_7245_63_zip:14389:+5982;frank_7245_63_selected:14389:+5982
task158,b1917c261d3c8867,6000,1,ryosuke_7266_48:14407:+6000
task333,7b8d0ae6f0702967,6033,2,frank_7245_63_zip:7715:+6033;frank_7245_63_selected:7715:+6033
task333,edbb84e278614915,6159,1,frank_7225_19_zip:7841:+6159
task333,358907ab4d5a3d8b,6159,1,hoangvux_neurogolf:7841:+6159
task158,43f0f0911323e3fa,6203,1,hoangvux_neurogolf:14610:+6203
task158,c9d4d7470ffd5b42,6465,1,frank_7225_19_zip:14872:+6465
task365,762df0af90da3ca1,7033,2,frank_7225_19_zip:10869:+7033;hoangvux_neurogolf:10869:+7033
task365,bd53172a0c3c2150,7319,2,frank_7245_63_zip:11155:+7319;frank_7245_63_selected:11155:+7319
task379,3eee253b42389c21,7776,3,frank_7245_63_zip:11991:+7776;frank_7245_63_selected:11991:+7776;hoangvux_neurogolf:11991:+7776
task379,eb8fbbe3cf45fdca,7845,1,frank_7225_19_zip:12060:+7845
task131,07810fd023057f6b,8076,3,frank_7245_63_zip:13588:+8076;frank_7245_63_selected:13588:+8076;hoangvux_neurogolf:13588:+8076
task066,74b103b96d5e79e8,8283,2,frank_7245_63_zip:22921:+8283;frank_7245_63_selected:22921:+8283
task284,e488cf1a8425b7b7,8814,1,hoangvux_neurogolf:12648:+8814
task284,0c189b66ef2c52f4,8831,2,frank_7245_63_zip:12665:+8831;frank_7245_63_selected:12665:+8831
task157,884b622636ccf11c,8954,1,frank_7225_19_zip:48015:+8954
task284,8c4ed80e3b90ad1f,9053,1,frank_7225_19_zip:12887:+9053
task366,3bb98c7f4e625f1b,9218,1,hoangvux_neurogolf:40180:+9218
task157,cd4fdf99d6d38764,9306,2,frank_7245_63_zip:48367:+9306;frank_7245_63_selected:48367:+9306
task233,dd4c72555373d0f2,9396,1,frank_7225_19_zip:29535:+9396
task366,a2eed301c28be1b9,9505,2,frank_7245_63_zip:40467:+9505;frank_7245_63_selected:40467:+9505
task157,c8d427765efef575,9764,1,hoangvux_neurogolf:48825:+9764
task366,1df075208db7ef91,10321,1,frank_7225_19_zip:41283:+10321
task101,1d36b0aa44194084,13010,1,hoangvux_neurogolf:23425:+13010
task101,bff385b14661d603,13243,1,frank_7225_19_zip:23658:+13243
task101,237f078593d0f35f,13360,2,frank_7245_63_zip:23775:+13360;frank_7245_63_selected:23775:+13360
task328,7899b7741b57aced,19117,1,frank_7225_19_zip:22246:+19117
task090,f3bb45978e2abf20,19239,4,frank_7245_63_zip:33247:+19239;frank_7245_63_selected:33247:+19239;frank_7225_19_zip:33247:+19239;hoangvux_neurogolf:33247:+19239
task328,4b38ae9b038e5504,19466,3,frank_7245_63_zip:22595:+19466;frank_7245_63_selected:22595:+19466;hoangvux_neurogolf:22595:+19466
task005,688f8415f7b5de1b,26932,3,frank_7245_63_zip:32028:+26932;frank_7245_63_selected:32028:+26932;hoangvux_neurogolf:32028:+26932
task005,18b593b457f96dec,28205,1,frank_7225_19_zip:33301:+28205
task243,1cc16c6523a0607d,41115,1,hoangvux_neurogolf:159448:+41115
task243,611630947a82edf1,46173,1,ryosuke_7266_48:164506:+46173
task286,891e0bc2a577142d,69650,1,frank_7225_19_zip:181409:+69650
task243,10c049d4ae678046,157967,2,frank_7245_63_zip:276300:+157967;frank_7245_63_selected:276300:+157967
