base_bytes,base_cost,base_error,base_memory,base_params,base_points,base_sha256,byte_delta,classification,different,donor_bytes,donor_error,donor_sha256,task
12833,14285,,14060,225,15.433034685335127,d97c7d47649ea943c35c7062a4e257c0fe467a4fc308c6df870ddabf94f39e94,-575,donor-unscorable,True,12258,ValueError: network performance could not be measured,066d62334d2b9e97262c1555c625fce9382711bc6123da8167d257264e733eba,task002
1433,4866,,4772,94,16.509972476656532,dcd99dba776b71d86ab54a7d7d9b008d8fe7b9cda264d5347d3458bcfdf84409,10825,donor-unscorable,True,12258,ValueError: network performance could not be measured,c340e5ee80a20f3ec5c9cfe48e24591e206c721806af7ed9a01a291f5db5fe3d,task004
5096,,"InferenceError: [ShapeInferenceError] Inference error(s): (op_type:Conv, node name: safe_name_49): [ShapeInferenceError] Attribute pads must not contain negative values
",,,,bae6bbb7c3e2d4ce84d64b7470977f93caf8dce42eebb586cc1502db851746a2,7162,both-unscorable,True,12258,ValueError: network performance could not be measured,3cb007d6b4fa54f5d5b82faf1d73293001c166dd03eac1c0f90a8934c1bc405c,task005
840,127,,0,127,20.15581291354141,ee94f67c01b2af670919d608cdab2bd9611aa816f0d618d81945b3de27e3fabc,11418,donor-unscorable,True,12258,ValueError: network performance could not be measured,09aa0b98d954404eb38d265683354374038fde5bbac8e48c963a06ea20413182,task007
7009,2743,,2654,89,17.083192509062396,e66d88084736e122ba21e47a495c82894d22ca03dafb790748455fa9abab739b,5249,donor-unscorable,True,12258,ValueError: network performance could not be measured,320580bfc34a7f4c1c65c8e3075b7d804b428505822c1d220acbeca24715b74c,task008
1874,6510,,6349,161,16.218905264797385,0c2da4395baf21c989749a2b73efc99da709c27b8ad54ea4dec5241a66a848aa,10384,donor-unscorable,True,12258,ValueError: network performance could not be measured,567b4460b84395497ec40dbede6cd95d3fbed696c7be53633103fb14bd1f3eb2,task009
1491,1002,,670,332,18.09024671835519,3f065a8894aa271eaf4c83431e8eb7933593a175bc744ed18abe31795ba8a1bd,10767,donor-unscorable,True,12258,ValueError: network performance could not be measured,8bf779e927e9ea0f70dab426833890c7603a4bdc7d25d9a26543f6b9079116b0,task010
1525,318,,64,254,19.23794861721982,df7ddffdefd8d1f168424610c67e41dcbc66e7251fc7d35e61f2aa883f311ad9,10733,donor-unscorable,True,12258,ValueError: network performance could not be measured,4d3e2348e04986245f125499ce5ca27af86940f30637c2f3f1abc5a7d8731fa7,task011
2240,2251,,2063,188,17.28087015909327,4696a6d5e8de2cf4cd34839a89ef503275e80ad6ad0c722deaf67971122976c6,10018,donor-unscorable,True,12258,ValueError: network performance could not be measured,a0ad4682ccef361037088b091d8ccbec2ed6d5da041f234d60b9637da0b1db0d,task012
2325,1424,,1361,63,17.738774908028077,b5f1e5c4871cbd88797e8e037f1f73175cfca71bfc303ea21465c9310ab36e9b,9933,donor-unscorable,True,12258,ValueError: network performance could not be measured,a02ae2c10a620c7da544e406f7a5ba5f5aede1dbbb5d51ec95fc431f40704f74,task013
3774,900,,0,900,18.197605236675688,1ab641692d1424be973ca0ca5d26e88172d7be86363973c99ffda1b0d2dfd046,8484,donor-unscorable,True,12258,ValueError: network performance could not be measured,ced53489a195321678f2b6db4caacd819bd999f31386f9acba0fed61d3928153,task015
158,10,,0,10,22.697414907005953,fb83a8e988f586009bf17279b7aedb194e3492a8e6f357be6d5e9ed903615733,12100,donor-unscorable,True,12258,ValueError: network performance could not be measured,9d3fd7a64deab9f6982a2ba7459c4ee36fc83ce0ce0e41f8a09fb50d5c73a813,task016
6229,6453,,4749,1704,16.22769958206416,611d383bff27797717269b900f3b84ea496ccc1f52e10daeaee74bc890b37d7a,6029,donor-unscorable,True,12258,ValueError: network performance could not be measured,13a8162b60062a0f3981dac3d03fc792b63c62c40ad3e2e20d58015cf4bbbfd6,task017
73252,,"InferenceError: [ShapeInferenceError] Inference error(s): (op_type:Conv, node name: safe_name_50): [ShapeInferenceError] Attribute pads must not contain negative values
",,,,3396a602b5365d7965ad29c7d73fc23a5e7bdc93cd85d57813320dad74d93627,-60994,both-unscorable,True,12258,ValueError: network performance could not be measured,39bcb93642982a7f86e3ebf4d021b7b3895c8c531ad92a09bd2205a90edb064a,task018
3335,1256,,1104,152,17.864312652971854,f7db49fb30f6b2eff78ce6c117efd540906d9d1a5fe12062ca9dcf9bbb6ee009,8923,donor-unscorable,True,12258,ValueError: network performance could not be measured,50f810e1c1a9d3f9a9b7408b0da3efa744995b27abee75514b26cb791e6b87ec,task020
17654,8222,,8083,139,15.985431232542176,8579fe77932cd6fc6d0739d167bd55bfdbe66154d18fe7c73d32736324982b33,-5396,donor-unscorable,True,12258,ValueError: network performance could not be measured,430cf8bbbb2c310bd075338e17a35f2c057135fa215b31c8f999b0542474875a,task023
492,56,,0,56,20.97464830926485,9090d7fc66fcf617eb83597d5b2020a5bfb9affae3720e3e34eb0391a8abca35,11766,donor-unscorable,True,12258,ValueError: network performance could not be measured,e5a8c793e2d9339774a02875b9d80b47f6b1b6fc1c2668b734c718524d91919d,task024
4789,9817,,9684,133,15.808129144307479,eae08c0b7635357f2f535ecd2507599d8175f05c9b8dbb16daf6fd2a7de92c7a,7469,donor-unscorable,True,12258,ValueError: network performance could not be measured,11445022a481da103277c04bb05b11869c76b49c7c8ceae72b8355a27a90a18f,task025
1971,1308,,1262,46,17.823745467982857,30e7fa87454ff24fca70334e11d75c801f4803ddeecd59dde50802169e6b27ff,10287,donor-unscorable,True,12258,ValueError: network performance could not be measured,e5301eac66c4187b8d9c1aff48df17979af8a371ca35954f0da72d8030b21145,task027
600,99,,0,99,20.40488014986541,3a9df8ceb7069f91d2d26f9296eff2ab67806300d24acd522211f3a804aed65c,11658,donor-unscorable,True,12258,ValueError: network performance could not be measured,ffeb0062698f58520d037faccf022063b47f0645cf78cbda8eb8e159e85bb928,task028
1429,1460,,1330,130,17.713808285297617,de6d82827b7068be75f5fc0212570b094e090b2fc7edb01a5a1773293028df3b,10829,donor-unscorable,True,12258,ValueError: network performance could not be measured,b7780d2545eed39d6277ff8a75ed1398f9a39fc22b78fc70e39ddf349ac42edd,task030
3828,910,,0,910,18.186555400489105,ceb4063280bf7df98b687efafb01b5fdedc714737f65b70a50c4a70a941c330a,8430,donor-unscorable,True,12258,ValueError: network performance could not be measured,ee034edf50daf22c8ed024de6d4902064d2a5c4513b819c71e520dad1febd74e,task032
1426,268,,0,268,19.409013019489144,c13e3c334a9eec2943a0bbcd3ee8f106ef26ab34fc5abc8dedddedce13a12db2,10832,donor-unscorable,True,12258,ValueError: network performance could not be measured,dfb5814845ef2a9644003d81bc35c9915eba9c7a1664eea919679169cb901bef,task033
1598,1294,,1109,185,17.834506524939155,5551a37bdb0d83b04d8de7a5fe217571757e1aff4216f14d263fcfa42cdc2cce,10660,donor-unscorable,True,12258,ValueError: network performance could not be measured,3b8ec0fe793a18d8828d53476f069eddd455e893ad9e72acbf160219de333c59,task034
6483,1901,,1442,459,17.449864657511572,5975da31bcc5cfd8ad72b3b0a1558614c901b17f0aaeceaceece1fa0211972e0,5775,donor-unscorable,True,12258,ValueError: network performance could not be measured,4ad2da50f77ad6b9d77a2c0ab478a1cf29ae0d43f8c7d4b985420bbdaca040f0,task035
3481,2465,,2268,197,17.19005291352321,3674a3fc6b29cf8c91e8d50d8a5acf0ae0520053291e7362532f8ab443ec11fa,8777,donor-unscorable,True,12258,ValueError: network performance could not be measured,39108e6449c2c7609bca9a23c840945612a0db837fa126488b2b64a0284e403a,task037
607,80,,0,80,20.61797336532612,01ba84e2bca7236e35b1b674ebe44e86b809ffb65de9c8e29e2f3c6d39f44127,11651,donor-unscorable,True,12258,ValueError: network performance could not be measured,82dfce0669871eb3bb433ae318e3df8de0bea98087e7f1d73d205873f5fba7c8,task040
1354,1787,,1730,57,17.511706484840573,9fb1e714e20f32f128f2e0d784592ded91f0fa89645787d11e687c65bff6a0eb,10904,donor-unscorable,True,12258,ValueError: network performance could not be measured,606957e3a607bb82c5e4555d493fff4288956006be489e6ba1a14bc3f07e680e,task041
1830,3110,,2792,318,16.95762199482672,750708a9a5332fbd8c065a17348a4b924a31c866117c6b9319e896e0ab2b652c,10428,donor-unscorable,True,12258,ValueError: network performance could not be measured,287062054beddafac57c1c6b0820a0183f46a31630e22eb8a6fb191ea7552777,task042
1786,793,,588,205,18.324176778365153,f779cd25faf94b2cb7aba327fd656159c8993ea8751767ae384105af8f1dc153,10472,donor-unscorable,True,12258,ValueError: network performance could not be measured,f96152444c37690b6a00d83b71c018bbbb96d45563bd24b2324cd93f1bbd46fb,task043
14822,3208,,3060,148,16.926597031013593,2fa9663f905581fb769ec0a5e6eaa9c0e235bfaf8b00ee5c582ddc35889e42a7,-2564,donor-unscorable,True,12258,ValueError: network performance could not be measured,1f17a25b402a532855d4ed9c45f7d548c87f6a59c4585b3f559a47fcdf76dace,task044
631,90,,0,90,20.500190329669735,151314a926f7a39e4ab3bef82481b135f2e5382cef065996d7d59c1a6115db84,11627,donor-unscorable,True,12258,ValueError: network performance could not be measured,ba1eb168ebb69198de80249e67483e6befd6c6a173b71dd2ad81675b16d60f25,task045
2305,862,,826,36,18.240744729336306,7a9b76d46fa67b896ead9c80c3c13e8a408bb0d969aa6c4054fb74c6bb0caf58,9953,donor-unscorable,True,12258,ValueError: network performance could not be measured,f2bcaa76aeb61a81fbcaad31db0f39a7f776971e5352770a8d942734cdb7fc9d,task047
875,3849,,3825,24,16.744431346716254,1dce119c54e7b1968a46a6d8ef8e6ef0957d7bb1fa78d57c57f9ba5ded39e600,11383,donor-unscorable,True,12258,ValueError: network performance could not be measured,818c074618eebb13e3b803792cd2a83a14a2d61b0ce10daa9ab05f9ad9f3363d,task050
2872,1744,,1643,101,17.536063395531073,8578b1dd81b132ec7a6e9a5601457498cc26610c33c3a954bfea8271fbf3ae24,9386,donor-unscorable,True,12258,ValueError: network performance could not be measured,8f8575e6e491f8cafb1454817789b994a04739b2f0e3dd1fc7e85e754d864571,task051
355,30,,0,30,21.598802618337846,299b9dccde06d89ecc0568cb74051282810f9debde90b3fa71efc6faa6879067,11903,donor-unscorable,True,12258,ValueError: network performance could not be measured,d5e220a2e46d5abf1e4700de2759bfcc881c3e7fd2edacd1ca7e83a5069bedbe,task052
175,30,,0,30,21.598802618337846,11d2a84ba10862f37e4dae8a206314fd4226f70b6f751eed23e52ba32ebde353,12083,donor-unscorable,True,12258,ValueError: network performance could not be measured,6851bf5e405c40698ff668e32dc1c07ec22b520f0654a8f8a2e2dfa249c16f75,task053
23797,24717,,24466,251,14.8847534550163,3cc9eeb900734780c94fb4c36cf36edb3f27e6e2c15cd6a0e68e60b61adc16b6,-11539,donor-unscorable,True,12258,ValueError: network performance could not be measured,757415a81c71d31d855f778c7bafe412cb5dd06f7c21b29a757bf75919339ec5,task054
1511,1767,,1560,207,17.5229615276803,4b36fa4724eb177fadc7c283b862f0ffbb06d1e83ea429a212bca1080ec21a1e,10747,donor-unscorable,True,12258,ValueError: network performance could not be measured,4a86fbf6d3be82a598f43830051590c52c31e1a32414d67177c405598962e2f3,task055
1242,213,,18,195,19.638707834290575,8bf294b6d0f7157c902cc88a09bb647b7553cadf9c211da1f1982a8dc61c8461,11016,donor-unscorable,True,12258,ValueError: network performance could not be measured,5b5369654612c81887f2e80bab79d4d60416e2c779be2d2bc7b503e99016b4e7,task058
2021,547,,257,290,18.69555119757802,b097c826846442cf8e61477d38956c648e8076867df5b5b8ae807c6a2f2f8e66,10237,donor-unscorable,True,12258,ValueError: network performance could not be measured,6465903b8782f6c55e2331d989e30fac36e4206e48c054dde9c66cfa6335c856,task059
802,129,,0,129,20.140187595638327,0a68d150f2eb578e63cabb7e9e741bfdbf68ae40b15cbc3a94d244d15d58f842,11456,donor-unscorable,True,12258,ValueError: network performance could not be measured,d9b83c8c9bbc2dada995a028582dc5d72f61019db798d4e075a529d61b82b7bc,task060
875,1668,,1633,35,17.58061941708131,ca895cf016d83d9fdbcadf4e03a66caa491ec02314138a789a56ccd0a62addcd,11383,donor-unscorable,True,12258,ValueError: network performance could not be measured,e9660b411008f4fd57d6eb98cbf6f658effaad22c1bb26c2fc04e41853507e0b,task061
4138,2524,,2465,59,17.166399776338896,84ba2b1baf9ad0620d1c442497239ce770f64ddc1a9a38db66f6b15bfbd308d5,8120,donor-unscorable,True,12258,ValueError: network performance could not be measured,2567d5a9e49db68d0410cda0ad73566032f302041258661b38214b8543911ced,task062
972,1706,,1680,26,17.558093271948376,953a9e7991337bbc92c449d98e496bab2235e5fa99f46e837045c1f43e75eda1,11286,donor-unscorable,True,12258,ValueError: network performance could not be measured,a75f5bc4e3e791f886e78a45bd049527382181c625bbc56742143ea8f0b0a900,task063
3568,10432,,10346,86,15.747366715833566,c3ea9eca7744b34f97e113fa55baf2cdd5c1f5a61fc64bc8d01199825d05bd96,8690,donor-unscorable,True,12258,ValueError: network performance could not be measured,9a7ce60e0b139e2d118e2fbe81378b7823060e7bc861cc3773da997881ee205c,task064
14638,10571,,10374,197,15.734130318231337,9d1ed34425c59402ca7471055cc03ff969bc05244a1e4996d90bcd1b29f5ed02,-2380,donor-unscorable,True,12258,ValueError: network performance could not be measured,9cd3543ae0407530d2795aa8a62a1f88eb08116b088ed504929078a3afaa5a36,task066
1693,623,,500,123,18.565453481212547,4dff0626d4da16c33bac4c0edd9a6b73856b403fcb124505fedd4dadbedc15ca,10565,donor-unscorable,True,12258,ValueError: network performance could not be measured,c253d74646926d814c4dcb8e5e13ae0fa7a668f2a101f7ada27ca2bce164385c,task068
2903,2949,,2864,85,17.010778591184724,000bcfb2908cf36e489ff6a1c0100e7c928841caf1c88d6a1108c29de4bf8787,9355,donor-unscorable,True,12258,ValueError: network performance could not be measured,3607a9c9064e82c805d46273e9c0ebc580df579c80f04edfbe59d1a8d1699673,task069
1863,1682,,1440,242,17.572261159467107,8ddfd08c064d265733cd07d03f7033d49b7d4595febf9099d7b5bf5025004422,10395,donor-unscorable,True,12258,ValueError: network performance could not be measured,4e8079a3f13eccbd319b3da4a6079280cdc3aa8b42893a3e3f0a30a693b49c25,task070
3098,2663,,2607,56,17.11279141418607,a5ef0bd5a5854af84e4242cdd388aded06011325d742359d26990ca35a5cfeea,9160,donor-unscorable,True,12258,ValueError: network performance could not be measured,31d62a3cb8d3309c264f74b86f5fc569432d68318375396f3b1c24b07793395f,task071
321,24,,0,24,21.821946169652055,ac704419012fdb4ad9b3d016b19131dc20aad28cf8867e4d0121fee4f26f6102,11937,donor-unscorable,True,12258,ValueError: network performance could not be measured,43fd5b1b03d48054a9e4007b6455282913841232ccf3fae2d92138845b7567b2,task073
15145,8394,,6436,1958,15.964727556106464,7c6770b01fbde8054bb2ca483221f1a13b69f7c8eb4888411f6bc833894b89f8,-2887,donor-unscorable,True,12258,ValueError: network performance could not be measured,34f7557fa761275c8ffc31f87472c0175673e5e97e7b83b7378baedbc7908ae5,task074
1697,1487,,1326,161,17.695484053539843,597d643e5bf0921ab6030007e6242e77feb12b000c0e392b7fe40296a9bae887,10561,donor-unscorable,True,12258,ValueError: network performance could not be measured,44e728651ac0a1ef2c5466daf7c7dd8711dc5a0e221121a490f551b6214715d3,task075
9771,12825,,12738,87,15.54084832996103,57d84bad3868e2717c65fb4821dfbb588a172c3cc39a7acf529a5b2973da8b49,2487,donor-unscorable,True,12258,ValueError: network performance could not be measured,09e5e9f83ad1f3e51d3d1056e5ce39f7df42d456c25b0b7fcb8bc22967c11ba8,task076
979,7657,,7620,37,16.056624458886876,99f5e5425893037413f1bfbece16fb903cb615dc1dc01b0ea30cefa7c6fb5555,11279,donor-unscorable,True,12258,ValueError: network performance could not be measured,649f77f858bb08e08c24b02db839412cf13f0b462dce25e5fef1f3089094b74a,task077
581,82,,0,82,20.593280752735748,54db7a9ffcc7777a96dc05b7d3a9d2f0dc81c7eb53dd57eeba37688fd03b287f,11677,donor-unscorable,True,12258,ValueError: network performance could not be measured,e8dc8b38b5f755f502fd736829381edc3281617b565a3cb6f4031f51bee12e00,task078
6266,9158,,8725,433,15.87761690678296,d43794504c2bb07283ef3892b603285997495453318e51224710ad821c1a2251,5992,donor-unscorable,True,12258,ValueError: network performance could not be measured,709742751766fd338c13e7ab5ddb5b33c5a66741cc09b3afedcac614a53efe14,task080
821,464,,392,72,18.860115447773744,38ec9f3fe8fb654ba69cc258a2f163709366d5da6aad62a98a3cec6cb57433f1,11437,donor-unscorable,True,12258,ValueError: network performance could not be measured,f187fdf683c2f996ba4dddf4a7915858e6964c3399cd2e64683114905fae2aa4,task081
989,190,,0,190,19.752975927839515,e050837db177e7d6b2e5ad5c4cd76bcf19e85a0aedf3fc265056d75870d80446,11269,donor-unscorable,True,12258,ValueError: network performance could not be measured,51e5ce3be6ebe0d511d0927c007993bd28412605928e694327ce9ec0d75a92a6,task082
1679,2038,,1797,241,17.38027578621733,d7217e0bb5b86f0ff7eadc683a638b071dfccaf37f8099c59053531ef3d91aa0,10579,donor-unscorable,True,12258,ValueError: network performance could not be measured,bd6ede38810d8782499c1da0b717817a4fe7b78a77fb569937890c0b327c8549,task084
3506,2398,,2280,118,17.217609664412542,5734d814d1f0e855d7a174a2c66a0062c30aca35d2cd9f4066155e5f1e41824e,8752,donor-unscorable,True,12258,ValueError: network performance could not be measured,7261affdf75572f0c52fa2bd8879673dac188ff022686025195337fc9c207275,task085
1330,,"InferenceError: [ShapeInferenceError] Inference error(s): (op_type:Conv, node name: safe_name_13): [ShapeInferenceError] Attribute pads must not contain negative values
",,,,45318565531a011c9c377d6be1c8c153de04dcaca13542fff186630fd8d3b96b,10928,both-unscorable,True,12258,ValueError: network performance could not be measured,c34046ede66e40d8fa7b97e64c41e7827c5021b4f6021246478f3678088cfc3a,task086
382,5,,0,5,23.3905620875659,d4830ee432562703ce0e624377faf58bf72b5433e6b4616e8268be0d20a86dc8,11876,donor-unscorable,True,12258,ValueError: network performance could not be measured,3a1fbaf33947be2ccf44471574ebb24766ccf8045c8a7cf5f1fed1952303f9dd,task087
6635,6739,,6585,154,16.184333175053784,ad3b8a7ebbebaaaa65548d3e085ebd6936f24e0366447b8628cbb1c3fbd209f3,5623,donor-unscorable,True,12258,ValueError: network performance could not be measured,05ec228e91a97466cf1d73394584a3b6c732c7b8ef819128669feb240d80cba7,task089
14008,3052,,2970,82,16.976447607595652,f204226ad34f4318da9c0cac39d3f74954746a952d7f047021e12f19ef8ead25,-1750,donor-unscorable,True,12258,ValueError: network performance could not be measured,fd8b8df9538435408bcd812adb172f92487b7a999c43be29d1ebf27b54df3925,task090
9855,6553,,6375,178,16.212321760960503,e1b6b3880e335bfcd33eba5602959a773b3804596aacaf265349791d531e138a,2403,donor-unscorable,True,12258,ValueError: network performance could not be measured,b544200c2d32840e80ed2b0165e698ba9e177eefd85f5406af3c0404713ababa,task092
2853,1656,,1533,123,17.587839665054794,f6912b5fd5b4f7bf104a821965844d543f4f3375485644ffc2c35cdfad230a6b,9405,donor-unscorable,True,12258,ValueError: network performance could not be measured,2f9bdfcf4788d98543f475ed1d370f4388192482210d1160ae06859db3ba0188,task093
1825,2677,,2558,119,17.10754795647965,70de68ad03e398afd19fae55f3fad436817201e5df612359c9069b0f8281f98a,10433,donor-unscorable,True,12258,ValueError: network performance could not be measured,94a7444cb9fb6e43d4fdb04660cb7bf9ffa798c8b1ca6a5bef9c1344293c4008,task094
587,345,,245,100,19.15645558296864,e3212af213f8b2799ceaa19a24ec62248dfb084bf6216535e58cb6020a2e8f7d,11671,donor-unscorable,True,12258,ValueError: network performance could not be measured,01d364e2e82510274f1b0277d9442844ee81ab49146a35152ad7868289e635bb,task095
3829,910,,0,910,18.186555400489105,e11f658842029acf14bc7f02675371d143c017e0709af40a14889bf685d7340e,8429,donor-unscorable,True,12258,ValueError: network performance could not be measured,6fc59ae0fe76bd14cd466e9ec06b41716dc3c645d01a78d29dff973f3059b824,task097
3794,900,,0,900,18.197605236675688,5aad8d8ffb260eb0c90abfb93e28e88c772f7afee8bdf4d318e99c3266a1209c,8464,donor-unscorable,True,12258,ValueError: network performance could not be measured,2065adf0d536d54e4a373cd96b46133979d800031df38d7c209f4cbfc3b75675,task098
2349,504,,0,504,18.777423731928632,6c419ff35ddc8651209c1ac5f32b0f2aecce69501cd274348e10c97a469bcfed,9909,donor-unscorable,True,12258,ValueError: network performance could not be measured,0b093fbb472df594159a4bad1e5026069b84f5dc9ddc4b37540ce78782d53222,task099
10415,13695,,12881,814,15.475213918302822,f1feae5c9124835d70bf2b34ed93d7ab26b41ce4ae35b426a489e48b0f1275bb,1843,donor-unscorable,True,12258,ValueError: network performance could not be measured,a8aed82bd7aa4e5a6700290bbb153d43001fb6210a4f2ee84772f6a79b8814ee,task101
1861,2527,,2414,113,17.165211892611808,22ad045903cba5b5ed2617127a1ed8cf94e637ae0689f7b6253770f78bd8b7b7,10397,donor-unscorable,True,12258,ValueError: network performance could not be measured,25ba14f6cb66d29ef27ff19fbe6bf12d61ae14d218dbddd930e32da722ddd787,task102
5826,2835,,2718,117,17.05020278383815,d523b6de5b74f21aa38111440ba3b3d92843f8d5eea002227793ebc3c4df9bc8,6432,donor-unscorable,True,12258,ValueError: network performance could not be measured,9417471fd8d101765e82fd54bc4509ddfb977c82157d4cd83b9c4f8cccc29087,task105
4445,10327,,10104,223,15.757482896328597,9acdfb9bca16c2fef4fc1625b052e27dbacccdf25cc273a25539c34e75816176,7813,donor-unscorable,True,12258,ValueError: network performance could not be measured,efe75132b9308b711decdcfce26fe8772e732c7093636acae6f90c8d4873d17b,task110
4795,1768,,1616,152,17.52239575680241,7e9cf731688593d892fa3e46deb55296b49b4ca156a49e5a1af41549fcb8f91a,7463,donor-unscorable,True,12258,ValueError: network performance could not be measured,41f05de5c295016a4b2fdf35b807e66b4edf7fc591a7d09dd66e43e79e830599,task112
499,30,,0,30,21.598802618337846,356a5f1e2200cf2560f6c836ce7d21eca6b6cad9e68015c2ae31639613ef9b09,11759,donor-unscorable,True,12258,ValueError: network performance could not be measured,09af98a8fc1b0db4d9fdbd6a22e3cbf0978bcb07cce2698f3a35dc951c0fcef0,task113
2908,3795,,3592,203,16.758560310170267,f346b1d939f3d2b3bcb31036193f72bddc331e247c66216df9e3865c2ac36281,9350,donor-unscorable,True,12258,ValueError: network performance could not be measured,78d3756357ef4509edf42e09ba0fc78809acaf3369f6a021eb2c8f38afdd6ac2,task117
1846,,"InferenceError: [ShapeInferenceError] Inference error(s): (op_type:Conv, node name: safe_name_11): [ShapeInferenceError] Attribute pads must not contain negative values
",,,,853d7e92044414765ace7f061ffca8a59da1e8f4876c0750e7760beeb91584f8,10412,both-unscorable,True,12258,ValueError: network performance could not be measured,80dc4b773b3331b6d307ac950fa3921a86133d1eb98779b0118ca9898331b588,task118
4641,1363,,1243,120,17.782556568303466,488903940d8825d9fa200cf6dce80cd5754aca5b04b4f0e19d65d6c353659a0d,7617,donor-unscorable,True,12258,ValueError: network performance could not be measured,a070f13a7bf69e5640b8bae248c2e45ae2681dacdfc8dfec05c7bfd1f13a2223,task119
3840,910,,0,910,18.186555400489105,eb3ffdb92f73a07885e28c9c854599a7a64da2ae4d978c39abe2506e11201ec2,8418,donor-unscorable,True,12258,ValueError: network performance could not be measured,5484c4cf54cdfa07dba9d5e7dbf541450b2bd8c846d07cb81d147da1ac35c354,task120
3470,810,,0,810,18.302965752333517,9d256b458e31da4423eee2f1c90ac42204a8e573ea622c1b679c25865828eabf,8788,donor-unscorable,True,12258,ValueError: network performance could not be measured,2bc37b9ec823068c3242eac6c4bb696cf886999e1e9b1a66c861f4974a466b96,task122
1405,3463,,3434,29,16.850109455597575,31e9c6926235af578469115777db7fb3aa2812ed0d683f2edc93558bb6d1a52d,10853,donor-unscorable,True,12258,ValueError: network performance could not be measured,7ac05a001c848dfa21524ef6a796f0e37f14b53e010b0da629a34741040d7810,task125
1334,605,,590,15,18.59477154196916,9237cc39bcc3eebc6e19bed132bb01c0083932c9323f8dd68f8082fe28f2d5d8,10924,donor-unscorable,True,12258,ValueError: network performance could not be measured,61ed2b5f07131e870fda11f03541d6a727d896207abc26433416ed06a088c63b,task126
1269,,"InferenceError: [ShapeInferenceError] Inference error(s): (op_type:Conv, node name: safe_name_2): [ShapeInferenceError] Attribute pads must not contain negative values
(op_type:ConvTranspose, node name: output): [TypeInferenceError] Input 0 expected to have type but instead is null
",,,,2041113aee553ca01f97e936ef9ea89a615ce9719d08609e52758abcafdc88d2,10989,both-unscorable,True,12258,ValueError: network performance could not be measured,389982ace73ac6f3506dca57134add402d7ee7e74bfc75f14101c881e97a9d40,task127
752,136,,0,136,20.087345114263947,cf78e3413eb95e5f4c2a3afa871de3440ebf210182829190b7e8c5e6e2ef9a56,11506,donor-unscorable,True,12258,ValueError: network performance could not be measured,0363cab2d77f5305149d24bfeb186bd21675059d8b9c471ac1d85a8671af522d,task128
298,80,,80,0,20.61797336532612,0a5f6e5eabed3dbd3b710c59c3dc4379fb147540f4700b58d5165bc519e4e958,11960,donor-unscorable,True,12258,ValueError: network performance could not be measured,180a4402abed39d372b97c8e6383358103b9436bcc8072e70b22c05a66e0c773,task129
5512,3874,,3235,639,16.73795715603306,79ff05f1116e16a8f7198a96b75fb7b9e84664a2e376311b852f51f20c5da67f,6746,donor-unscorable,True,12258,ValueError: network performance could not be measured,877400fe92e7a45babcae701a30dec41282436c6029655e8cc38db1196f7093a,task131
3928,1260,,1176,84,17.861133000054476,a8b6a771c3b1b30dfd0ff9d884ecb5fe8de188009f0f476279f3ef7ef68a9fa2,8330,donor-unscorable,True,12258,ValueError: network performance could not be measured,bf97da02e1b336ccdd4b650845ec7bbb52ba3a8d0281cc436382fc472783ab56,task132
6827,21135,,20118,1017,15.04131428699911,1a494711bd97b819e08570a0e180efb81d9a64fb76b8a3985892d15d57863086,5431,donor-unscorable,True,12258,ValueError: network performance could not be measured,d0ac1f3bbdd52b533370080297de06f4cfe55936ef9d270c6e04057bbe175017,task133
3167,1194,,1159,35,17.91493570604745,4430b1c3c181a69844eedd5545e05d0ce6509471864a0935e98f230f8afec3b5,9091,donor-unscorable,True,12258,ValueError: network performance could not be measured,792e7c22d437fb758a75f0ec9d688c2ee7e75e0cfb32ac5a669bc2cc6ec3ece1,task136
2695,3389,,3263,126,16.871709828392948,ca3758bf7f3244d531c543412a3700385691adebbfdc6578ecaea416561f6469,9563,donor-unscorable,True,12258,ValueError: network performance could not be measured,174ad2e0482750e7d329b1bd839f82a303f3452c8b7f68f50f4725382922674e,task137
934,904,,765,139,18.193170639607825,b73deb3fe67d3d7c4fea3589637ee4ca48b45493af3aca6e3588d0aee9628899,11324,donor-unscorable,True,12258,ValueError: network performance could not be measured,56dd3561bf4a8163eea94a599b2ea99fe259878f3337b3de4974178bcbd61599,task139
382,5,,0,5,23.3905620875659,d4830ee432562703ce0e624377faf58bf72b5433e6b4616e8268be0d20a86dc8,11876,donor-unscorable,True,12258,ValueError: network performance could not be measured,9ead47e490ecc615d9288889cc5b9ad2979e05f5869207ff5c771392bdd2cba0,task140
1472,1383,,1281,102,17.76798966833524,78b24d3c4bc848874427e8e31cb50ee4a3c3bc8fbd3ce6b9fe02b3b9999d50b7,10786,donor-unscorable,True,12258,ValueError: network performance could not be measured,fa383eed72b0714e9b49e3b09960324043701ca43b118c0a2524fe470ec0b2d7,task141
2694,837,,591,246,18.270175929510525,c1d1531b12372e17f7fec8ff19b05b78fcd32061efb7dce318a3cd7fc0d1e221,9564,donor-unscorable,True,12258,ValueError: network performance could not be measured,cafb493f11ff0e7b3ab141e667d44c02b896327380eb7b9f6bc4516bc1bc7cb5,task143
3877,12855,,12744,111,15.53851188030001,2dbfb6f9d5ea294d2e0be0fbfd5fbb2460a1e249de794bd3bb31f95a48b4f883,8381,donor-unscorable,True,12258,ValueError: network performance could not be measured,0e18e3d2058458c5197ba90bc5b3102fe30db6b5e3b442c97f3527474b1b3057,task145
1309,532,,432,100,18.723356510658355,f8c50aeec09138e2867f0b468a7f41db144b8a4a6df6a3889a0a8801a6aa4d2b,10949,donor-unscorable,True,12258,ValueError: network performance could not be measured,3f5f949251d696577d5b1c71a7eec8a4f69af021f476584ee9641db7d4ab2d26,task147
5216,4887,,4635,252,16.505666102729847,7930e3962bbbb169e17d22e30114d35fe6bf44db37814fcdf2a44162c107939e,7042,donor-unscorable,True,12258,ValueError: network performance could not be measured,59536d4f94b8e7a2552a0160b9ae6a00b4dc9fb8404fbed29604e7697e5a4c25,task148
559,138,,136,2,20.072746314842796,584636d98ce2bb69838ce0f9596522398858fadc2b264fa267593030aaf74b5f,11699,donor-unscorable,True,12258,ValueError: network performance could not be measured,27655cc4e8e0a9c3c46e3749509e06f2c19d9cd19467327844581281b7b8adfb,task150
3790,900,,0,900,18.197605236675688,923f0ee2c55298f44b9f8669305997a4277a7143c4a847c20d536b039d0e163f,8468,donor-unscorable,True,12258,ValueError: network performance could not be measured,0fe77153e61f4f07735d1cb6238c31ac512760f6c495df3a1563cc20ed510c76,task151
3733,2679,,2581,98,17.10680113045539,7b40abef1673818c738f89fdaea726928d9b1fbafe0f05c5b940b93ba499529a,8525,donor-unscorable,True,12258,ValueError: network performance could not be measured,e6e669e6ca5b639be6187567152075c434b670cc328059bbffbed40ed2f1b1ca,task154
593,138,,136,2,20.072746314842796,0faf6dbc5525fca74bf5f2e0335d3a0691b1edcd44f0463c4c8148d20e1fd979,11665,donor-unscorable,True,12258,ValueError: network performance could not be measured,3ba6e291ce904055f35987f7885a2ef530fe7e8aff989e3df5e5cd5931b46aa7,task155
920,1367,,1310,57,17.77962616327605,7bd0ac76d90e45d6a55c512278b7acc63ce8081d538b02c5bc9f4246edcd9e14,11338,donor-unscorable,True,12258,ValueError: network performance could not be measured,2c2a49d51d97bc3b16fa511b38037f3279257bb751da4762168f2e352f4fecaf,task156
39061,6819,,6563,256,16.172531887479344,954190a7749ebd5e20e0584f14707f2b8b155364e0dd2b25ee572c80139ab215,-26803,donor-unscorable,True,12258,ValueError: network performance could not be measured,d5bf59b47996ddc368e62cbb2a1e84636d94de3cc864774057d8fbe82f6b4de2,task157
8407,,"InferenceError: [ShapeInferenceError] Inference error(s): (op_type:Conv, node name: safe_name_43): [ShapeInferenceError] Attribute pads must not contain negative values
",,,,77ff766ecf9b721bd66d112af08e0ff1d438efc37fa3c0f065573ea237ae01ee,3851,both-unscorable,True,12258,ValueError: network performance could not be measured,ee6033421a1253424bd4b4223f796b3d9f279332919e6a08660862c404f5ba65,task158
1376,1334,,1164,170,17.804062773524432,4009d245574a3c5628037d425de0c5e9c4bf45e9d091aff99f67916c50eca6c3,10882,donor-unscorable,True,12258,ValueError: network performance could not be measured,1759479b9d19a6c4e8469bd23f52a6db14cb8ae98122976ba562ece59368f96d,task160
2614,1808,,1646,162,17.500023459047878,a98c84ce6b85582c7ae205095c79ae1cd820f9e88461b962deca79700ae83da5,9644,donor-unscorable,True,12258,ValueError: network performance could not be measured,45542bcedb3c458c68a3c492f304a437a434103d0b1aaee3125c6f79edbe6d27,task161
889,4068,,4024,44,16.68909324283155,e062ba4cd495970a2d26cc9426d9278103d79227ef87be8df4390157c2b112a9,11369,donor-unscorable,True,12258,ValueError: network performance could not be measured,8cc847d9c039e9855711ff99d6b4821ccb84eac4b33195db8145783d1e989cd0,task162
1677,310,,0,310,19.263427702520808,d784d1c2166c70d4255aa51164f685d47b12b3f17a075424b740d7bfcd5bf64a,10581,donor-unscorable,True,12258,ValueError: network performance could not be measured,78ca337b33f7100fbf783fb240f2a99b32869cbbb8603ea8891eb52221ad9697,task163
2416,4525,,4363,162,16.582627143865974,df6907ce1badc9c9a8ec588d7e3e8a12949748e189fb9aaebea616248e61e145,9842,donor-unscorable,True,12258,ValueError: network performance could not be measured,8ef4fe0bea68a8be4a64cd71d22fae5abef8a56db483667d648b63865408c9ba,task165
352,24,,0,24,21.821946169652055,5b27fd62c7975ee02404cfb956fcf535d40fba52b6f0b09987d88c744fe4ede8,11906,donor-unscorable,True,12258,ValueError: network performance could not be measured,7b886912d58a4e558e32ca5e005a7a4c183c6b611266bde5e54f2f79d1f2dbe0,task166
449,75,,55,20,20.68251188646369,8eed41c53ef36cb09a52800dcefd1993c6d73394314b4262bd06b20740b1faa2,11809,donor-unscorable,True,12258,ValueError: network performance could not be measured,2e4a99bb7604b88658b507c44d7ce3656544a611a304ad024131b081b2dc6051,task167
2908,2237,,2096,141,17.28710903850987,c81135be4a029d0baee760c6f2794dd3d9e2a0066f9f6286b41415dd9e015f46,9350,donor-unscorable,True,12258,ValueError: network performance could not be measured,3e0b7f75d40ae929f351219e9c50f8688d747458fa68cb6c2d860e894a7f5611,task168
1404,1670,,1500,170,17.5794210945892,19de1a4e6be8661d13c9f9103e149355023743e77b5e636ebddd4cd40b84f990,10854,donor-unscorable,True,12258,ValueError: network performance could not be measured,d5210b18840f5ce0a5ce39a0b8142b2d675fb1da0e47095bdcba1fdedcac8a0c,task169
774,,"InferenceError: [ShapeInferenceError] Inference error(s): (op_type:Conv, node name: safe_name_4): [ShapeInferenceError] Attribute pads must not contain negative values
",,,,92fc2a7657ebe197967ba5109cfbfe6329ed0bb5b5a03d225e16880e09f9b862,11484,both-unscorable,True,12258,ValueError: network performance could not be measured,d0e850c0dfe76c2d50d7dc1ec27fa7a1365a3eee2e26bb4b01a5feec0e82396d,task171
4073,13383,,13307,76,15.498259476203625,804b575ba69cd27c923f1e2fe031438bd3e3a50ea0725310cea6f4e3584b494e,8185,donor-unscorable,True,12258,ValueError: network performance could not be measured,7c44ed5293429d1c8445d1297ee0d1fae2b417eb756bdbc743cdd0cb19fe1533,task173
5013,1255,,318,937,17.865109148434115,fe7db63dc72861eccfc34b3ebde598caab2df3f5b6007b03a8b7c8b9b44288df,7245,donor-unscorable,True,12258,ValueError: network performance could not be measured,a81d8fe103165d871b91542485f5f3551805829ba5eec523f63e0a09d4f60fbb,task175
1044,210,,0,210,19.65289246928253,90377d7d18ecb829911a960afcc184f1b8c3c7509cf4e6fa56ca8edd1acbd75b,11214,donor-unscorable,True,12258,ValueError: network performance could not be measured,8356d3b0df3d3909abd6657a56e2792c521342c78e4ffbd7571fa8f7e79cde82,task176
170,0,,0,0,25.0,bde695a21a93b9e2084a9b7e8a8bee5f2cdc694baa71a12d1c34ae921a89cb87,12088,donor-unscorable,True,12258,ValueError: network performance could not be measured,462b67b7685a65e6b1cf482f625f65df84f0b8c579e973d22260743003753505,task179
2291,368,,201,167,19.09191706183107,eaebe82c3c33be788434a1f3c0fac14f5410d1ca8255ba6e9c33d779e7902f8b,9967,donor-unscorable,True,12258,ValueError: network performance could not be measured,90f24c806beeda6a9e3c000636cc4c43013c9ab16d8e65c81810611b26bfec14,task181
2135,6095,,6024,71,16.28477595808463,d52fe5f210be17ee30353ed473d10acfc60bcff05936bbb1f6dfc9d3aa604217,10123,donor-unscorable,True,12258,ValueError: network performance could not be measured,7f21d2f04607cef1403eed040f6def1892a2ac0ee264b45aab5e8ecd1f9dbd8d,task182
602,103,,80,23,20.365271011770364,3d138ea3d8b3c6443573278009cc3169d10ea4160442e664e3d538ea908cc034,11656,donor-unscorable,True,12258,ValueError: network performance could not be measured,edba9f3d08a2172ef5516bfaf8b29dda8236038ab76bc826e75a41b42a4d9063,task186
12620,15790,,15285,505,15.332867892750313,71f5e0811c117de003029310efe474b0c5152e1b43a750736c3fe235e224b4a3,-362,donor-unscorable,True,12258,ValueError: network performance could not be measured,d3073da45176480e55e5f8c18d6ca68ebfdcd282035772c29a74ab7704ba6963,task187
2062,2427,,2180,247,17.2055887942734,b1f642c504136721a1857699b39ec013ef63556cf91f97f3ac9bdc926b7efc05,10196,donor-unscorable,True,12258,ValueError: network performance could not be measured,33d055bda23d29b16da88c2f91984765f8dccbe326e3057c442d5f2fe9336709,task190
6738,11082,,11009,73,15.686922550572705,c288ca90e68559397d455a0afa52210b3b21685ac3d792339dcf85725d823380,5520,donor-unscorable,True,12258,ValueError: network performance could not be measured,bb621f9f400376f6585571a0ba9e163f6dd40cf7cdac29c73b7ca8a6d6e03470,task191
1151,5342,,5272,70,16.416644606330095,607a270219a55c8eb672463122aa4445a02921b281e70530060888b90466658c,11107,donor-unscorable,True,12258,ValueError: network performance could not be measured,7cebc8413c4fdcc582807dc628d099f547066f082fc9b643bb211165cb970a7e,task192
3824,910,,0,910,18.186555400489105,aa6ac89cbc5b59e6f71dd2f4e7044320f9783b3b6da247d95e9672baf2d19256,8434,donor-unscorable,True,12258,ValueError: network performance could not be measured,45ff8fbd245c4b70b3e714183378a24090d67c525b6421712c921e37a8c49827,task193
1227,4536,,4500,36,16.580199154592414,b5cbc3bbb1b76f5bde36015b01705b96383632a2abe0b81c3f7b1953b390bc06,11031,donor-unscorable,True,12258,ValueError: network performance could not be measured,b7eaba63d23c912c45e4eca5590a75406530c533706e87d6eb4db44536789f6e,task196
986,1141,,1100,41,17.960339650137925,e94a2c2eca6e44ccd61e711fd1c3f5ca7fe58ee944b306e9e723d8c4143b888c,11272,donor-unscorable,True,12258,ValueError: network performance could not be measured,1bc641b5285e9bdad47b5bcfaedfc4a034ef9326f65838d480d436b3fa950df3,task197
4587,10350,,10186,164,15.755258201306486,c38e7c4f717e557f09d49632ca1d68aac074be9c835b82c0b608a0f314fd4889,7671,donor-unscorable,True,12258,ValueError: network performance could not be measured,eb862ba3c1d5ddc11986a2b2207258c57d86526cbc5f18b8670b3059078bb5fb,task198
2190,1823,,1735,88,17.491761225321337,6df60e7c246c41e39aabad1ad0ed6b6094ce0957f2b891c5d5380939922ef99a,10068,donor-unscorable,True,12258,ValueError: network performance could not be measured,7f7b0505b602d4483a04210872c6d52874eca888c22bb8b5edaca552c6e658ee,task199
1671,753,,570,183,18.375934772200107,ca3bbd0ad88d1caa65cee84c729869d854002375b295b40ec55273ad99a80007,10587,donor-unscorable,True,12258,ValueError: network performance could not be measured,1324a10efba414983032bc2cbef750d5f8d01257f7d8f5e8ec45431002a46029,task200
2549,4481,,4405,76,16.592398485213856,433d70ca8bcc6a63b64f886d20b26b8ef44587e2865b2a18ef1858dcaa06c741,9709,donor-unscorable,True,12258,ValueError: network performance could not be measured,ed37c4001d84145a839e681efe2d9f7a3b148685d3c6e05f49892201968bcfc3,task202
520,355,,352,3,19.127882210524582,30fac90ee11cfd61f56c78078cc9ba228dfc6349f833c611e4361662e16884c1,11738,donor-unscorable,True,12258,ValueError: network performance could not be measured,ca349e9c79825d8e6739fea79b283c5cd927041e274def94d152f5ea5a04f3b3,task203
3633,10232,,9780,452,15.76672465674132,3e40e163b7c87aa188dceb4b737315b0dccb6527f0d5a9d910247f3226df8729,8625,donor-unscorable,True,12258,ValueError: network performance could not be measured,2dac4163351d07c8a99c7effbf2521604a9f2e39ec2b1f5d401e949560a4fe32,task204
2452,1775,,1640,135,17.518444298090483,c6dce1f9ebadbc0a0e9c75146f1e2546baf0b3ece605ff4e6c64d2d85537d7a6,9806,donor-unscorable,True,12258,ValueError: network performance could not be measured,c2827973be1d752aa69234d12b1c14000056a06d7ab2030241b315ec8b00a208,task206
4064,4165,,4032,133,16.665528445399055,0a8252a816473d2aef2f542b4d2c6278326a474462414dc50970959db6be43a3,8194,donor-unscorable,True,12258,ValueError: network performance could not be measured,eccb25d7e4d56e7bacfe83b9d6735caf25c484b482a08465fad1681fbfd81753,task208
1559,2249,,2068,181,17.281759048040684,14a35d55317bd16388d4b9fe5a0cc2f77ce954fa82c0efa1145b5fa4e020657f,10699,donor-unscorable,True,12258,ValueError: network performance could not be measured,554c999087d3d145793027c4ea3bae2bd5c59f5a3ddbce4282006e29c75ddd52,task212
974,525,,402,123,18.736601737408378,23ce054bc1ed253b92154433cd52e6d042f0390a09d2b2f8f83beb50d9fa36bb,11284,donor-unscorable,True,12258,ValueError: network performance could not be measured,7de620c02febf4ad9025e07b94375088a5d6507b04aab854ba244d8ebff5aeb6,task214
984,622,,531,91,18.56705990726082,b465c22aeeb518bccdc671e130f29bd7063e1ffcf343ebe14e37709d4c6df542,11274,donor-unscorable,True,12258,ValueError: network performance could not be measured,ceb7546959793119a42aa75d88e918650107767c78fe94ed8458ca39acb678a8,task215
1049,1470,,1429,41,17.70698232022722,6f702690e2769bff117871d891c2ac5e79d2b017f0cb48ba289a20b3f6c472a7,11209,donor-unscorable,True,12258,ValueError: network performance could not be measured,dc138c1fc23f7cb0efb0b4101b30f65c650452c16ff367b3d57c3f82afcf475a,task217
9456,8649,,8567,82,15.934801013693487,27908bbbdd84aeadbee8b0e5905e320357e50b76b00ff00ff0d2d6ccb11cfe7b,2802,donor-unscorable,True,12258,ValueError: network performance could not be measured,9ea8555b950f2c6525db7d677e1ba2e077156feab8a97b5f3e9e1f0d3df7f3a2,task219
3049,437,,132,305,18.92006680490441,b6dfd2919336138dfcae4c4b65ffbbe2d9b37cc9ed31722ba4f335a6c28772d9,9209,donor-unscorable,True,12258,ValueError: network performance could not be measured,df1933772649fff4621884d07f9569815b13057245040c8f885ede76292c8a0e,task220
5441,2605,,1614,991,17.13481204581253,7777f23dab5093788a4a4a7e236494afd8e1e71e83a8a05f4a1b505e93d4de68,6817,donor-unscorable,True,12258,ValueError: network performance could not be measured,1f5cb4a81044a20c0f632da178a6c28dbe59a0613a6554437931d6797e145a2a,task222
1707,1552,,1508,44,17.652700299256836,19dc5eb3d8d60488e06a9eb8077fe28def5570ed6db2af3524f283a5e3053894,10551,donor-unscorable,True,12258,ValueError: network performance could not be measured,ef8f822d77c70d775d199e93c6c2b638c48230ea2eb764dccc58db0cd6666ee2,task224
1854,363,,0,363,19.105597165735148,682e08ff319c04ab4d5b8b7e89294895559525a24f8a29f4167afc3e4754e610,10404,donor-unscorable,True,12258,ValueError: network performance could not be measured,7cfdb2495ab2b3b0151b90078d5e3a4b47ede83d3f99accbf3ebb0dfe527a87f,task225
1979,1534,,1513,21,17.664366018072798,77e1c631c2b9911bc62588db803675cc349c7714f5e95fa8549b6f75dbd1447a,10279,donor-unscorable,True,12258,ValueError: network performance could not be measured,8ba9b03b744d538ad5dbe4a2fd26bf376989c74647b01159dce7809db45861a8,task226
4005,962,,849,113,18.130985549334294,67f44b066a41ed23bdcc1731ffa64dfef0f83e7d96d168efa7ff6c885cc1cca4,8253,donor-unscorable,True,12258,ValueError: network performance could not be measured,eb395eef2d8d95394c96d8d46a586729293097f322f9ed795ae950fa211ef725,task228
812,180,,80,100,19.807043149109788,1bf0d1ce0adb7faed67a410fb441cbb55ec04af37f8edd9742a43a8257f08938,11446,donor-unscorable,True,12258,ValueError: network performance could not be measured,bcf5122f4adb5a8f12d93c7e77f54403d8b697ea52d62e06cf550138faa0dbb9,task229
3775,900,,0,900,18.197605236675688,264f6d16a7028d7a07c0ed29e2018e0786f390f4d6cb69c04aeede59566aed4a,8483,donor-unscorable,True,12258,ValueError: network performance could not be measured,efdf11ad5857de6f3737fd17ae60c44469920e7c77faf9e20bef2b329cf202f7,task230
5840,1410,,0,1410,17.748655016627787,c9080306bbd1480dd44632366298265f141732323a7ec95175626cd70d7baa74,6418,donor-unscorable,True,12258,ValueError: network performance could not be measured,ee2792f3aacab058df0c9e8fe4db917b14a755014fc8eea140408a74a0b4bfdd,task232
4594,3417,,3361,56,16.86348174788471,c408c729f0fd1afce50d9256628758e25024fc5f3645f6667e97e94abe936c0d,7664,donor-unscorable,True,12258,ValueError: network performance could not be measured,5fed25b112a5bb379598f992dbedf3b33a781e64bdcfd357878cd57078360c3d,task234
2849,725,,108,617,18.413828345145326,6f7bfabe83cacf536476b367457edbbbb4cadac685377c305153018e9f030d9c,9409,donor-unscorable,True,12258,ValueError: network performance could not be measured,bd6708d8dcabd4822af76b980d5a10de517f80385564c8b0d90d7272598d05e4,task237
2170,468,,0,468,18.851531704082355,e9aeff6e099014ff58b77a324f6da45af8f60d07c1dc0ba486776503cb8eb88b,10088,donor-unscorable,True,12258,ValueError: network performance could not be measured,0432cd3087c9e42b28c13fbe75960ba26756a569aa2e1894795b9313046bf180,task240
170,0,,0,0,25.0,bde695a21a93b9e2084a9b7e8a8bee5f2cdc694baa71a12d1c34ae921a89cb87,12088,donor-unscorable,True,12258,ValueError: network performance could not be measured,5463f09550fc4227c3a0001e49b7da804704385b87c5422478d23830707070e9,task241
106817,9602,,9190,412,15.830273310909114,fe6d5bd943c3c4e3f19edd5090e3cee02d9e4c019cd68e5f16da1d1db1622744,-94559,donor-unscorable,True,12258,ValueError: network performance could not be measured,3c4c8eecc8c08caff3218886ae41fee183005926e0d9c989d8bbccde53a238e6,task243
1848,2625,,2484,141,17.127163824974275,b425df258a5b67b86879105c7cc547b5adb22b4fc1dc9f050a2ee981af341306,10410,donor-unscorable,True,12258,ValueError: network performance could not be measured,4812b1086a0b27a4c30ef70cdd593b819cf0a75508585a90929b34fd3edc6555,task245
2599,2066,,1952,114,17.366630350320417,acfef9626c868fb48ca5ed18190fc65afe8dc36a63cafbe5d46011d64e2ea1a6,9659,donor-unscorable,True,12258,ValueError: network performance could not be measured,a17a575aee4c78b347fe072b04086838760a5622b75888f65617ad75a693559a,task246
723,151,,122,29,19.982720163185075,6a001ce01217f4e505777fb369eb36ec242ffdc413030285fdb28dc76479d892,11535,donor-unscorable,True,12258,ValueError: network performance could not be measured,33feea251de524f5cf8dcf7008e5a627abfd8288eddb55a8b7894b03139faf8d,task248
3095,2121,,2052,69,17.34035704543532,23b81a27a8b0e32fbec2e224c57c1452011fafc4e9770354632dd8ce6b2c311c,9163,donor-unscorable,True,12258,ValueError: network performance could not be measured,e20c46accd534aa6a877007bcddb4ff718eb1de3f90417af34fc173d435afe81,task250
1823,4515,,4320,195,16.584839534148912,df504e26fefe294fdd9f7bbaec7a43761037cc58bb0b26ea6eb5cabf0671ed9b,10435,donor-unscorable,True,12258,ValueError: network performance could not be measured,825d811f04d10dc7000b117a6e753689f74bc4dea94e3f92f49458637b962f6b,task251
638,96,,0,96,20.435651808532164,a1f3f79dbaaedf0d166898641b3b0d641b2376fce8bab3ac088b5c39667c2e57,11620,donor-unscorable,True,12258,ValueError: network performance could not be measured,0221d13789b011eb72777cf9cc8b5ad09f61fa1bebea3f003bb8af2ae4920321,task252
989,687,,650,37,18.467665707777652,f0c7e763ebbfa6bd3f8d24eb82843fd6d6d6a907cf3874e8c0c60a42b7acfa62,11269,donor-unscorable,True,12258,ValueError: network performance could not be measured,d7bee0746ed7ed0e1180b685933b4e907e9372c19463355043421323f9f76f3d,task254
11436,7530,,7185,345,16.07334967920606,b0a0a2400035e1a95c1c87b83b547a31ddcf2ae5b082b529f67eb3ac02b59f04,822,donor-unscorable,True,12258,ValueError: network performance could not be measured,b8fa58e844db9d4118f6497680f7a906ef3af88fda3e87c8672c916090dc328c,task255
1504,2113,,2055,58,17.344135982383943,989c4fd9722c3cc5525b2790dbdc668e52e2bc959654065b45f5c98e120c6c2d,10754,donor-unscorable,True,12258,ValueError: network performance could not be measured,d327ca641e8a76d9ae4cb565130641f9a689a643b971c53f40022a0a534b8fc3,task256
794,150,,0,150,19.989364705903746,66f01abc7c629250bbfcdec2238603f4e6fa651d9cc9bfd06b9930e692b326ba,11464,donor-unscorable,True,12258,ValueError: network performance could not be measured,492e2602913007cbae4430eb443dbfe34751faef4330692260cd6232727ee92c,task258
4450,1517,,1233,284,17.67551002065147,9e7a244a425f2a0af80c98f46b42fb23ab6c01fa8338a3b3207105dae836ab3c,7808,donor-unscorable,True,12258,ValueError: network performance could not be measured,420db6a5947e0f479589b72ebb18364259c6c4e51dc0db2ce006d76bbbf79d12,task260
972,200,,0,200,19.701682633451963,74bd37366fbe6aad7394a8e6bc56db34b57c5acf8855a6563520b6c6ac7bf8a6,11286,donor-unscorable,True,12258,ValueError: network performance could not be measured,71087f4f72ac0d9dd8edd5318add4f3b6584540b3cb5ffd0e5855db322c5652b,task261
596,106,,90,16,20.336560905887932,ecd97595634bd47fa23b516f430a9effce39d3ff850f3602b160d77f7ed37ee0,11662,donor-unscorable,True,12258,ValueError: network performance could not be measured,ae9d8621f52e5d73623dc643587632c501e53e0e77cca88a216ff4de75695fa6,task262
1246,4357,,4325,32,16.620460973882558,179c49a9c822e096f82734c60369b9d8143b5b0e095f977263f65abf77d79aa6,11012,donor-unscorable,True,12258,ValueError: network performance could not be measured,cec5dd1858f96bf44e943c06e8ad3f9ea718d8622438a8077bf52734499c06c6,task265
513,175,,75,100,19.835214026076486,4c22e719d487685a497cb5bf4c54952a85f33be37dda111e2ef86818e3b5e3e3,11745,donor-unscorable,True,12258,ValueError: network performance could not be measured,6cda31f9b7e06d5a08ee500aa3d767189563dbbb8d3a5b042c6ae111fd38ab8c,task266
841,758,,724,34,18.36931661435763,468c597a53bcce31d1460f96e1c03e6f66589982c93e5024c036bd190d2f2478,11417,donor-unscorable,True,12258,ValueError: network performance could not be measured,29894a0a40667402b0ed537532786c4faeda3652a3096a6d09e579fe64330cb6,task267
5447,2974,,2920,54,17.0023368729799,08abc9dbf35d997beba3d9319692186df9a34df1dc8f7a70c542cb9db1584186,6811,donor-unscorable,True,12258,ValueError: network performance could not be measured,a120641f31872dd46f483a3e82be039e1242b59de5290723f0ef500d5b26cad4,task268
3931,2858,,1826,1032,17.042122641510186,3f11dfbd0c055943f860c2010ebf0bed3622553a5e20d19d153256bc772be274,8327,donor-unscorable,True,12258,ValueError: network performance could not be measured,f66cbc5e24e7a7d9bb5d92da30ac2fa62935f6a1199010c496f3cee365dee356,task270
892,148,,0,148,20.002787726235887,7dec9a3acc9fe49a7aa493e027a894192cb626ba18b927095d953e98299de7c3,11366,donor-unscorable,True,12258,ValueError: network performance could not be measured,8425f9d5fe753e7546fd81054ffa3de981a118f0783b9b5ba07686b9e3fcaa9e,task272
1554,2026,,1800,226,17.386181315191372,ed69daadd2fdd8f651e628a2bf97e3cd4aa5a2027d02e5efacba7461cf359457,10704,donor-unscorable,True,12258,ValueError: network performance could not be measured,753ae9cedab08aa0a72e4557508e7a652d0c3f38bfc68c928b3ffe52ff13baea,task273
217,10,,0,10,22.697414907005953,2a3e881ae92099c36f1955bdf96ca1e9f77a4ef3d1d3eb58c63eccc80a655c7e,12041,donor-unscorable,True,12258,ValueError: network performance could not be measured,9cb9ab6aeeab5e14b83844fcbc95016de72974cdd541d696289e511f5bd91f0f,task276
1721,3540,,3501,39,16.82811799387218,fbfca4d3aa2fd587f98dd5c1c0251d7c41d84af1335ab6955424d6c25e05c383,10537,donor-unscorable,True,12258,ValueError: network performance could not be measured,6cd22bb921ba8d3a182dabb2fcba19c9c3626f14d7b438955608c2790736de95,task277
751,,"InferenceError: [ShapeInferenceError] Inference error(s): (op_type:Conv, node name: safe_name_8): [ShapeInferenceError] Attribute pads must not contain negative values
",,,,e009c00b12c7c4f3431b2067475df591f676847aecfb66291c10687e69500399,11507,both-unscorable,True,12258,ValueError: network performance could not be measured,f948e59c84cd9d5110cbeede32a262b63ea689074fe7d492706527a23b0a6438,task278
2111,5546,,5508,38,16.37916777382428,76714fa86563f1416f780f38804d26f1cc2485a23b266dbc1e10af57c360e22c,10147,donor-unscorable,True,12258,ValueError: network performance could not be measured,12e381ecbbfc88163dd54a1cb2fdc1aa40a0293483f5fe5652dad3fd04d2d1d2,task279
13231,4520,,3746,774,16.583732727173725,238a970a0ec3c6f4530dc4f8e17a3ea43125b8b8194fa9cf9309b6f0b2e3298d,-973,donor-unscorable,True,12258,ValueError: network performance could not be measured,ab7fde5249b2fc9d6cc6966c8d6929ef13f609b2361f1ae1c2ac752519a6f889,task280
3224,1329,,1188,141,17.807817941286753,9cf1318d269365dde5db64c3d4697154d1529df9f2f84913792d0bd084cec71f,9034,donor-unscorable,True,12258,ValueError: network performance could not be measured,bc2b38b2f79dd56067f3fc1bac087422eb9b734005f9c6046c8050a77a2591bd,task281
698,446,,407,39,18.899681047979936,71f0dde46f0325c9b51eb1e9f10077f0a9f6ea3bc91e18f4c02fe74ffbfb7942,11560,donor-unscorable,True,12258,ValueError: network performance could not be measured,1251d2ed3ac634de15fcd9742611ce842930766d780cf54ab64bc9988475fe66,task282
856,642,,500,142,18.53541169631004,363c5fe0400628c3bebe342041d5eabef04da2d5d6db9082a9341650f99c483d,11402,donor-unscorable,True,12258,ValueError: network performance could not be measured,dfcdf334c17343f788b59ac56b6e9a1c3580af8d38d4f1cf2853a7e196c96509,task283
3834,3089,,2912,177,16.96439730708142,ea3df25a706b8a67c43b8c42388dd3d6a19fc331b774e2bfa6c2fe3d96543a7e,8424,donor-unscorable,True,12258,ValueError: network performance could not be measured,b93ab2bed1b10336ecf643aa0b6e2499582ec9500eac86b9f8777adda7ddc15e,task284
5102,18674,,18256,418,15.165112538956128,bc3544388fab7276343dc6b4778fe8dabc7acc4cdf23ebe7b768d84027afb4bc,7156,donor-unscorable,True,12258,ValueError: network performance could not be measured,bf18bea8e7b3fa315f48c9b597b10823c61bf92cacb9f7a469b5df8322ba2087,task285
111759,26909,,26064,845,14.799783917876258,ceafce58bfa44bf34800a994ae174a2364ea977310fb967ad145ed534489475a,-99501,donor-unscorable,True,12258,ValueError: network performance could not be measured,f3a88e12a11755dcc10883ead224ea1793a3df548ba0d51adc2998bae385222f,task286
1022,190,,0,190,19.752975927839515,4d6d4d5aa45eccda3d1b31ee747cb6c7f862598eb3138401c41ef1055c64bd9b,11236,donor-unscorable,True,12258,ValueError: network performance could not be measured,5dc44d9319f2ba0a625b0b05f1c00bf3ef0e5de0b1a12d84d23648a54bdd56e2,task287
1852,629,,598,31,18.55586874329956,67ea2e69007546355690381c1f9f2e48d183de62ed4fb6b6537ffa1cd0de2685,10406,donor-unscorable,True,12258,ValueError: network performance could not be measured,86ef5b4a27f5fc97232909cd49573cbb9ace7378a5340770ea42396070c21a1e,task288
499,80,,0,80,20.61797336532612,f5dbb65451bb16d37f5e44041120e559dd95ac030ffb9d13dc5ac7c8850119d5,11759,donor-unscorable,True,12258,ValueError: network performance could not be measured,d0a5b98b33b819066f2546f61e7956e65e008c8e20c2e9ccee51cd1b308d6406,task292
408,40,,0,40,21.311120545886062,9deeee9123af21f30d994cdaa2d3d75043178ba73f6e37f7487b24fb1391d39a,11850,donor-unscorable,True,12258,ValueError: network performance could not be measured,39355bcc06b482c3b1ce7761b8072fdda51b64cb30d2d430797418cbbbb1ad3a,task293
482,601,,500,101,18.601405065464792,d54c717eade7afa6f3830590d1aa6ba498c7bec264f5425bca3fab105b967924,11776,donor-unscorable,True,12258,ValueError: network performance could not be measured,7e873406576a6f0bc5b3738198acdae866ca4e24394acecc3a7e46236471412a,task294
2424,1389,,1350,39,17.763660657245655,b8b0f29df0055e36fd76a4ec5b66ab511297a84fa86c42db555676ebe312e04a,9834,donor-unscorable,True,12258,ValueError: network performance could not be measured,a166e2f3ae65167f6729cab3b1fa021c07ca457cccffcdab732e1c1111492de7,task297
396,135,,120,15,20.09472522156157,cb1fe3c729a0c45639b73d21310c33c9f8bb7ed6beebd48151601acf11ee1d65,11862,donor-unscorable,True,12258,ValueError: network performance could not be measured,5523b6b2cf8c92da7403bb9e06a3298d186ea6cc5d08318a324ddb7202dffd81,task298
473,50,,0,50,21.087976994571854,63937e8cccb8a0981bf1e4606b6807083bfab548f949e29a4243abf836467c24,11785,donor-unscorable,True,12258,ValueError: network performance could not be measured,82d5b4ee8a9d0881c28e158136d222d75118457ddc303e1516fe9e0b47656abc,task299
2061,1141,,1077,64,17.960339650137925,5cbf98f6d33c2a080e6c00f6ff806e2907757abfe5282aa106ad0d34e95bff18,10197,donor-unscorable,True,12258,ValueError: network performance could not be measured,b12bab8d21fc1042e923bdb4f7935384c9e52627fc1f7e77c0959fc079af2f88,task301
1530,1774,,1216,558,17.519007837130474,658ece7fa00a67d9339dc9fec84b7a9fb9152c41100f810d0c85e2fd84e9d3cd,10728,donor-unscorable,True,12258,ValueError: network performance could not be measured,96fbd56f37d62f4062da0020a74cadad5679de60a25f1df3ddcabeeaeee251e1,task302
823,1450,,1428,22,17.72068116458538,b555c306a0b4feafda9d1e371fb39c7940546555153c4973f416b6a42541a3a9,11435,donor-unscorable,True,12258,ValueError: network performance could not be measured,0cc8700cd944d84a9dbeb5be60591dfd27dd28549e99ad3db6ef5d656f77dbcc,task303
3251,636,,296,340,18.544801436659878,52407df10596663f64b88d9a4a4aea2a4bfbf0078de38816663ed344165e3bbf,9007,donor-unscorable,True,12258,ValueError: network performance could not be measured,4ae66e451f0b8b90659cdfd6d0d4a766bc7a6cd533989eff3e46fa776c9ab924,task305
1498,300,,0,300,19.2962175253438,874cc107c1dd7d3ac12c2007c036a6138427308708a87ba639a8697740e8ef8b,10760,donor-unscorable,True,12258,ValueError: network performance could not be measured,6c7a7da15be130e9941c072ef27061c7fbb97bd3bdf1b2e1e17a2a4b62d61572,task306
217,10,,0,10,22.697414907005953,c47b834e65872a11ec0cda3c8246948b8365f81f916610b49ed07267815733d9,12041,donor-unscorable,True,12258,ValueError: network performance could not be measured,6cd64afa81091dbbe08ba58788d2a702585019c7d83e424afdd1cd98cea38256,task309
271,20,,0,20,22.00426772644601,e34e78a1f9514b4d1cbcbc936a665ca33aa4d02902b47fb0208e24a9f9d4d035,11987,donor-unscorable,True,12258,ValueError: network performance could not be measured,f9e3622b866ff838fdeec9395a4c455452ec1ce2e2ee9d794472bfe262b0ba4a,task312
1101,188,,0,188,19.76355803717005,f98be2a31581fdf5ff564bc37132a61f16743be0decdd7363906f42904d1e16e,11157,donor-unscorable,True,12258,ValueError: network performance could not be measured,a01ea536bea796c3dd8f757b74e847817e42aa44fdd2c85775e039a49d01d353,task313
625,100,,0,100,20.394829814011906,91294db3a76db1cf55efd0eeb6e6c475503684a7d282ec1b5611be5a48729242,11633,donor-unscorable,True,12258,ValueError: network performance could not be measured,b4e0fd9f02db2124b0429d9c23ec700993716422eee2ab0115505cf004323a8c,task314
697,146,,128,18,20.016393378291664,6991c5597b423cf499a1146d43afa75e88d396b2c8d1d6efd3539e81e149235b,11561,donor-unscorable,True,12258,ValueError: network performance could not be measured,31ad167416f0d44936052338e36549a473b7e10fb46253114df5b856bf3e339f,task317
2977,770,,448,322,18.35360948515227,793240b0b28b488a072581924ed92941f63c177edf092ed931a5f525b0eb0a74,9281,donor-unscorable,True,12258,ValueError: network performance could not be measured,9d2ce84585fac65e0598372302ad8a0560bda3b43893cdd8c92ec07f38e3bf20,task320
515,74,,0,74,20.69593490679583,5f9a8513d653a8fd3ea5c74440eb587bce7e2e25e3ae5b96907e99fab8d0fddc,11743,donor-unscorable,True,12258,ValueError: network performance could not be measured,5f1c31876a7c61b0a4a4f04ae70ef2c270ba09a2f4ba70445ef6f27918fb044b,task322
1813,1630,,913,717,17.60366470619919,d17729d2f2ac1c032e9b94cdd875843efe5f5bf8ab90edefd77387210a5cb14d,10445,donor-unscorable,True,12258,ValueError: network performance could not be measured,b01227539892ee5e832cd28bdb2a6d2da65aad409e1b1db76d38d3daa9debb66,task323
4223,8555,,6969,1586,15.945728813673707,cd303d7c495546f2313cb3b65f44020975cdbe5683ad1c0a4ad9dd7d022d639a,8035,donor-unscorable,True,12258,ValueError: network performance could not be measured,e1510872b3a19af2bf261ff1647085016b8f1efecc937d8d64946eca94d32d6a,task324
3129,6296,,6173,123,16.25233020990276,c8eb6c14f09369a1f122333844c27925425733669f82c26c16aca05b3d481db5,9129,donor-unscorable,True,12258,ValueError: network performance could not be measured,fd5f9696f957d24d2e44f2403ec1106b16a062b4907e7f18e24d36e0d84d2de2,task328
1068,1050,,1021,29,18.04345455684843,02dd5cdee77f7ecc1b20a46e6dec17a2e8404b6dc7b8fd59d7c8c8f69d2e7b78,11190,donor-unscorable,True,12258,ValueError: network performance could not be measured,1b721293fc79b9f174309ccbb1121c37ee36f3f573d9545cc7565c1ed9cbfc29,task329
1556,2825,,2600,225,17.05373635641946,52b1dbfed9812c7d61802191ad36e5134ccdd4b0f5294056bbedc1d90e1fe677,10702,donor-unscorable,True,12258,ValueError: network performance could not be measured,f2d2847e0952e9581074df3089f2912745a15cf2650c481f545b11250a501540,task330
660,500,,400,100,18.78539190157781,e923bcdc1ae6e86a044c3ca12ddf751a169c701f66820a5937a203b109fe2d80,11598,donor-unscorable,True,12258,ValueError: network performance could not be measured,26a048f319a92dda0b3ba98f152b17c4160b309841da285a7d30bb44c8b3ea2b,task331
529,80,,0,80,20.61797336532612,9cc8f43825d9d730411e64532258029c695b5f5a6ff06bb543aca67424c81bf4,11729,donor-unscorable,True,12258,ValueError: network performance could not be measured,99bed9602a12de727c3a2250b5da81d01e7924f400b0dd89597580ba9c4cd2bb,task332
1682,2401,,2340,61,17.216359403778746,82f44847be0cc7a25b720d83a0b860272aa4c99a2a2632f01002843fb47b2e16,10576,donor-unscorable,True,12258,ValueError: network performance could not be measured,9ad5481ba8ee3ac70aca86dd0ba8408b09b3f945b3cd4f776d4a5c5182d7da63,task333
1380,1010,,932,78,18.082294390164694,7ab1753a6d6407e1bd3f20115005d1a4bed20d0c51b4a00aa595cdd4bc0ad55c,10878,donor-unscorable,True,12258,ValueError: network performance could not be measured,eed292bc2c2c2173ea6abac879d7743e4535144002c41ba6b6ed6b2abb3bb3e2,task335
5565,1820,,764,1056,17.493408219929158,8cffed4ad33ff1d68d4750b91ab147cbbf6d0ed96755ffa405c9c255ef1372c9,6693,donor-unscorable,True,12258,ValueError: network performance could not be measured,c241495a50b542b42a30610191fa21a4db77dd033c52d4cf421acf035d9ab3c0,task336
159,10,,0,10,22.697414907005953,c276f5799bf0f2f77bbc0c31f5ed97472afbff9a946326286e229929029e2484,12099,donor-unscorable,True,12258,ValueError: network performance could not be measured,5092795a146dd2f298405f39d4b604b85a27c50963ef4e0489565059f5b839e3,task337
2715,7215,,6925,290,16.116082528792028,8219999addbdbb859515f5117b7ffd4ec49ad3282925d38d50c11768b6d1ccc1,9543,donor-unscorable,True,12258,ValueError: network performance could not be measured,f7640b2569a53a3ff1b3019a680163782bd68167ac12d6698811a67f7ef2787f,task338
3524,3404,,3284,120,16.867293510306737,231f9a7cb736280f93cdf44a81ae56a80a56cf8329df32fa00b403f26522e4e4,8734,donor-unscorable,True,12258,ValueError: network performance could not be measured,ec35b1b6abe08297e682aae811c42f317e036e674c55bfa037bea06ed5a06989,task340
3522,1427,,1394,33,17.736670382523165,f831542d7c6e6abdf452ed4b69e4daa240484dc92a75c6a96d153a1e006a370b,8736,donor-unscorable,True,12258,ValueError: network performance could not be measured,f2cb288c09ef94454480bdc2a097a021e6608635b5c60713fb8ab71c29bdf5ce,task341
1170,611,,514,97,18.584903040828404,87f1bf4fd165b26ca667f1c5f66a9afecdff3665e1def92f4fe28da40f0efebb,11088,donor-unscorable,True,12258,ValueError: network performance could not be measured,434f32b52c17a321d2e149ea6442b370b9f0f365c8cda9d3305e00cb92d2115e,task342
5126,1539,,1171,368,17.66111186616112,2910f35126f46caf36c68c4e769c16d7bfc0155c8624786d2957e57804744f70,7132,donor-unscorable,True,12258,ValueError: network performance could not be measured,5e3e339659122abda947918d7201cf29f3f6e75baea31c4d2d6dc512521a4d28,task343
3059,692,,0,692,18.460414044382333,1675e6f496e5f83b0c59d8d7131ca1100b8c5dc17466f22a530eca1e88774541,9199,donor-unscorable,True,12258,ValueError: network performance could not be measured,d8c85e9b0d0a497e0e8897de040a8ba3ea801802429e564ff73a1cb36ca06b14,task344
2472,1495,,1431,64,17.690118514175214,e890ad707fae08730ed1411af9e3da53e716328922ce416631d253632731dd96,9786,donor-unscorable,True,12258,ValueError: network performance could not be measured,6ebd48c75c14a56507b126457f324accc2c884e053f324913609bfc4eefcb3c8,task345
2025,1706,,1612,94,17.558093271948376,fbdd21c8f1814fa93dfdfe0200922fd3becfc357db16347ed3dc4a2a6c8f3c7a,10233,donor-unscorable,True,12258,ValueError: network performance could not be measured,609119310c7f59aa7ef0c2b95d1926262b0f7316c9fcd2c4c0e4e90b528f354a,task348
2664,14892,,13710,1182,15.391420565007392,f7ad5e72db458e26eadd854f4a334b40a15c5374cabd9a0b8b8254bceab71999,9594,donor-unscorable,True,12258,ValueError: network performance could not be measured,d75a7df956e44675ce4d9688e1e53b16dae6bbe3b86bb08a35ece7e91225c85b,task349
696,9036,,9012,24,15.891028122412106,4fc1f47414a1dbf9bd9b89c6becc37189e1913658e09133b2f485d6dcf2ab2b9,11562,donor-unscorable,True,12258,ValueError: network performance could not be measured,9575e593baefafd53caa70c1dfc28b59f8f3994e4a96e21838d9ee18a16dc883,task350
2092,460,,0,460,18.86877351051686,7e1e11e49412d1b5c391f3bb4df9c5a93f1e826c787aac857f91ceac745a4d17,10166,donor-unscorable,True,12258,ValueError: network performance could not be measured,db417b21f3cf64160aaed712b6a99ab236eb3c60d11bcaf2ebaad79ecbdf403e,task352
1438,244,,182,62,19.5028317747068,aca31888d6a834f7b63c41dc1e48addce3f44ca64537d5351f9ba073bc41b18b,10820,donor-unscorable,True,12258,ValueError: network performance could not be measured,7f38e6e51d59f6ac8e9a409601074ddebbd63fef3ca5c4b14042601b447f233e,task353
1174,,"InferenceError: [ShapeInferenceError] Inference error(s): (op_type:Conv, node name: safe_name_10): [ShapeInferenceError] Attribute pads must not contain negative values
",,,,8a6e96a689942265d4274b33622b292fc5f56d3e36e8a525dc2fad9c803cc154,11084,both-unscorable,True,12258,ValueError: network performance could not be measured,f17f5622d2184cbc659943c58f1a75e561590d482818b194d8280ab354c3395f,task354
754,1220,,1200,20,17.893393862272696,1292065051659c4c459876e2cb867d33b078633dc5b70777947a25006f3a98c7,11504,donor-unscorable,True,12258,ValueError: network performance could not be measured,4af5f779627b969752603646586fd0ddcc4fb2f8fb367bb0551b5309ab6eebcc,task356
926,291,,258,33,19.326676732828506,aa2e6a783ee448c5920f430044b4d60e7f1b24865562c676d93c8c3237168058,11332,donor-unscorable,True,12258,ValueError: network performance could not be measured,46c540d31b217c59143e8f2b5e066ba0ce3551fd7fce6120b47e32f59cf1151e,task357
2296,2584,,2495,89,17.14290613509751,284473aaa644ef5d3a1453d6785e4b2c55b0c31b4ce9fead320ce2559419a0b9,9962,donor-unscorable,True,12258,ValueError: network performance could not be measured,0912c93542727db5f3e1ab9c1d6dcec16989cbb5ed8d4f1036aa2907ff544db4,task358
1617,4284,,4269,15,16.63735756843236,90845abfbbfb565e107a13896f223d53a39a45e948b5596ace983b8cc7033c5c,10641,donor-unscorable,True,12258,ValueError: network performance could not be measured,5a6b8a60525da6fd9139fef1ecf6e94f2114ac932ba329513d95b53111d85cf1,task359
3416,4606,,4244,362,16.56488491961937,66c324166982890165c500b1e7c4681a0d2c4f0d009903c75ddad62665c73b41,8842,donor-unscorable,True,12258,ValueError: network performance could not be measured,171eaeaf49f81cce563feb5d16522cb15f3dd3436ea5ea549d890b724f47bfba,task361
1825,521,,408,113,18.744249958246634,b8dee60f7de2d1db2e86ca11973e26c3d298c74384cc798cba5bff359d29c3a8,10433,donor-unscorable,True,12258,ValueError: network performance could not be measured,7754d8568e726a1be5515e0b90f80ba2974d0ad5d967f86800e040aba9f979dc,task362
3261,3852,,3582,270,16.743652227081984,249a2779cb0e7ebbf447abaefce667c3381800e7ebc6de94f400396403338b8f,8997,donor-unscorable,True,12258,ValueError: network performance could not be measured,cd4ee937b5b2945686933689f07e6baf4fc91f2240d562737b04178f60d37855,task363
2026,20803,,20700,103,15.057147513941617,8470a1170973a45cbd322f548eac9adfa06ec5a7eb7d073278494801bb6e646f,10232,donor-unscorable,True,12258,ValueError: network performance could not be measured,5f773dd9c0b78862fed6006599294d6d9ae181fd23763c24f16cb5b7145315dd,task364
2093,13926,,13700,226,15.458487124497507,f719b3a457e6aec132af040e5b898329010e991e1bdb86a5b10d56bf762ecfde,10165,donor-unscorable,True,12258,ValueError: network performance could not be measured,a640851b86fb9b698453e2adeb55b6af564e5cfcce377c5ef8ed866af876471e,task367
2111,3557,,3453,104,16.823327228051546,bfcad152fcd8c9093d38727547e76262e0ac5664eb5bf809639d5df164b0f7dc,10147,donor-unscorable,True,12258,ValueError: network performance could not be measured,660f15c10d3d3db161cd25da8db30d7c9b60019bc8b261446aa6d19327f29818,task368
735,872,,800,72,18.22921057609102,643e3357efd5d89d3d667f214c52b757cb1a5064c9d528b2ca8de70147a21f8f,11523,donor-unscorable,True,12258,ValueError: network performance could not be measured,faeb154366c7fc41a449331f49fa74ad05f393ddb33a27f98c3f078e338bfe34,task369
6646,6585,,6027,558,16.207450385822618,361449aa44c2f1eb417e2083e534e010de4d0060b321e5316720f2d382003a25,5612,donor-unscorable,True,12258,ValueError: network performance could not be measured,05b704681aba87cd269694b90e07c8282fe4bf0493be8175021d5baa211b1fa9,task370
1395,467,,376,91,18.853670742331104,62e99f09826f2b72f91711dcce6d933dd39081ce76ecee738a6ddb61758b71b0,10863,donor-unscorable,True,12258,ValueError: network performance could not be measured,d4a58358b00edadfe32d727b4e7ef71c0a63c06b5352b2612124aac2a6d0188f,task371
334,30,,0,30,21.598802618337846,2ab8f9622549f3016e1e6f21d2f3f83639880877ef89aef2695f9c202b967d0e,11924,donor-unscorable,True,12258,ValueError: network performance could not be measured,e87e3ff79536b817efa28b2c5e9b39ec8f1f2de2b6d1021b8bbf58a8da387f8a,task373
1310,1516,,1473,43,17.676169433797682,173b10cf483cba0bbb6fe15852ebb2ce21f3978e97b5593a1d0aa73b6ed4a279,10948,donor-unscorable,True,12258,ValueError: network performance could not be measured,11639f2baa93a48557909b2e6dca8060c8cfd32146a3e8ad06f9faa5a4b1c993,task374
1256,327,,119,208,19.210039829102747,1b34802c6ab4d672b625bc4774b1fb890f7567237ce6d55ac990e6ee8a597cfb,11002,donor-unscorable,True,12258,ValueError: network performance could not be measured,69d1c87912ee10d1e4ea76da84b8e90046d950697dc2ef422af84474060d25ef,task375
2207,1980,,1934,46,17.40914787631142,d9534edbbde94b6e0916add9f3488a6a7e13b27198b44a7d0a2ca501086a92e9,10051,donor-unscorable,True,12258,ValueError: network performance could not be measured,0b443f445991fa45a9264e6c82c39da363a7b974eb5f10bb9e237f3ecfa13a21,task378
3764,6813,,6701,112,16.17341216922633,141d7af77cef0e3b226f145c95ffbf4b09460498bbcaa6317bf59758f282273c,8494,donor-unscorable,True,12258,ValueError: network performance could not be measured,203e9a997499fd3a8139c7f1cce884c0ff0adad510d6d11595074e02307f3dca,task379
616,99,,0,99,20.40488014986541,d7e7210306b713a5974c74d3f8ab4da6d918fb601bf1314d3d8847f23aa6b364,11642,donor-unscorable,True,12258,ValueError: network performance could not be measured,5c223c544fad97c69fd9b7c36e78bf8dfa235f37fe882c48b61c8179b8e721de,task380
1331,1752,,1684,68,17.531486728503662,8bdb17dd914fe938c1369ef61a8440f8ddcd1d2fab3c353bd002968414dc9c89,10927,donor-unscorable,True,12258,ValueError: network performance could not be measured,cab2637c470faa47e6c74f76c2ac5ca2b3ff4aeca9a277eeeda3f3095162704d,task381
6814,5657,,5530,127,16.359351004656844,7d3a5888116cf7a335ffb3f985bab8500f85af6c18e6f22ddf564ba67fe1a09a,5444,donor-unscorable,True,12258,ValueError: network performance could not be measured,0226e69f7048bdb5c897b24e98b09a89d1c939521207b28da3b650018d07e842,task382
4120,5830,,5734,96,16.32922772065546,10a96442c69cfb062b303048470de1fddd78375deedd90475160b87fc14050cc,8138,donor-unscorable,True,12258,ValueError: network performance could not be measured,9928fac938ba4ca3310d13c368d0491de770a8e8ce52e5cb34c0c817a812993f,task383
175,30,,0,30,21.598802618337846,629a5673b6a8e745a4c5b1b5afcf3c5e7214f2fd7c54d7f5da27eb3e788ea5d1,12083,donor-unscorable,True,12258,ValueError: network performance could not be measured,598f18f05b95425769e7790d68ea5783bc085468d5f1f7d9455b58bfb1c67ea2,task385
3876,4345,,4228,117,16.623218962300506,54bc07edc11fcfd060c667a3e6b3b20c6d12fb24d2aa17d25ab99662637d54d4,8382,donor-unscorable,True,12258,ValueError: network performance could not be measured,86a7334e962bb9d4c8f0ca122b9845fc0fd2fc232a0cec7ee82c3c3924e3baed,task387
460,55,,0,55,20.992666814767528,9538f819dc1c99a64c58c63e6d0c86a6ee01c09ad7602e5e8bc10f6fffcabaa1,11798,donor-unscorable,True,12258,ValueError: network performance could not be measured,11ae59198b901016402ddd3cc069c8817fbc6e0aa61e03bd5c20a290b8750e62,task389
8616,2699,,2595,104,17.099363386981995,4ab87ac79ff3cd60d0ee922389eb5934d9be7ddbc0c7223368585ee08d59005d,3642,donor-unscorable,True,12258,ValueError: network performance could not be measured,766cdda7cb859a8ad0375de2dd72ccedcdc27b91e51c484c318ef5d5c9aace16,task390
2824,1169,,358,811,17.936096038527932,6414c2eda9be72073ded28a5b986a93f408c6e64505840ecdca95250d1f350c0,9434,donor-unscorable,True,12258,ValueError: network performance could not be measured,7031b653dba9452c3ef2c8822705b0f38b426728a9e36cdbf60fcea92027773a,task392
4654,2752,,2562,190,17.079916800946766,e088bd74c4f0d012db17aff1d9ba4d3c6db3fdcd62cff28c588f82da80e8d72d,7604,donor-unscorable,True,12258,ValueError: network performance could not be measured,710c7166270e2dd25770863f9e4108348422af8c3ae64bf0aa2ce0b0965eee70,task397
